<?xml version="1.0" encoding="UTF-8"?>
<frame>
  <cameras>
    <camera camera_id="0">
      <photo path="../../../../../Desktop/Blok hout/DSC06143.JPG">
        <meta>
          <property name="Exif/DateTime" value="2018:01:08 15:36:13"/>
          <property name="Exif/DateTimeOriginal" value="2018:01:08 15:36:13"/>
          <property name="Exif/ExposureTime" value="0.004"/>
          <property name="Exif/FNumber" value="2.8"/>
          <property name="Exif/FocalLength" value="8.8"/>
          <property name="Exif/FocalLengthIn35mmFilm" value="24"/>
          <property name="Exif/ISOSpeedRatings" value="3200"/>
          <property name="Exif/Make" value="SONY"/>
          <property name="Exif/Model" value="DSC-RX10"/>
          <property name="Exif/Orientation" value="1"/>
          <property name="Exif/Software" value="DSC-RX10 v1.00"/>
          <property name="File/ImageHeight" value="3648"/>
          <property name="File/ImageWidth" value="4864"/>
          <property name="System/FileModifyDate" value="2018:01:08 15:36:12"/>
          <property name="System/FileSize" value="5528226"/>
        </meta>
      </photo>
    </camera>
    <camera camera_id="1">
      <photo path="../../../../../Desktop/Blok hout/DSC06144.JPG">
        <meta>
          <property name="Exif/DateTime" value="2018:01:08 15:37:00"/>
          <property name="Exif/DateTimeOriginal" value="2018:01:08 15:37:00"/>
          <property name="Exif/ExposureTime" value="0.004"/>
          <property name="Exif/FNumber" value="2.8"/>
          <property name="Exif/FocalLength" value="8.8"/>
          <property name="Exif/FocalLengthIn35mmFilm" value="24"/>
          <property name="Exif/ISOSpeedRatings" value="3200"/>
          <property name="Exif/Make" value="SONY"/>
          <property name="Exif/Model" value="DSC-RX10"/>
          <property name="Exif/Orientation" value="1"/>
          <property name="Exif/Software" value="DSC-RX10 v1.00"/>
          <property name="File/ImageHeight" value="3648"/>
          <property name="File/ImageWidth" value="4864"/>
          <property name="System/FileModifyDate" value="2018:01:08 15:37:00"/>
          <property name="System/FileSize" value="5731015"/>
        </meta>
      </photo>
    </camera>
    <camera camera_id="2">
      <photo path="../../../../../Desktop/Blok hout/DSC06145.JPG">
        <meta>
          <property name="Exif/DateTime" value="2018:01:08 15:37:06"/>
          <property name="Exif/DateTimeOriginal" value="2018:01:08 15:37:06"/>
          <property name="Exif/ExposureTime" value="0.004"/>
          <property name="Exif/FNumber" value="2.8"/>
          <property name="Exif/FocalLength" value="8.8"/>
          <property name="Exif/FocalLengthIn35mmFilm" value="24"/>
          <property name="Exif/ISOSpeedRatings" value="3200"/>
          <property name="Exif/Make" value="SONY"/>
          <property name="Exif/Model" value="DSC-RX10"/>
          <property name="Exif/Orientation" value="1"/>
          <property name="Exif/Software" value="DSC-RX10 v1.00"/>
          <property name="File/ImageHeight" value="3648"/>
          <property name="File/ImageWidth" value="4864"/>
          <property name="System/FileModifyDate" value="2018:01:08 15:37:06"/>
          <property name="System/FileSize" value="5503624"/>
        </meta>
      </photo>
    </camera>
    <camera camera_id="3">
      <photo path="../../../../../Desktop/Blok hout/DSC06146.JPG">
        <meta>
          <property name="Exif/DateTime" value="2018:01:08 15:37:16"/>
          <property name="Exif/DateTimeOriginal" value="2018:01:08 15:37:16"/>
          <property name="Exif/ExposureTime" value="0.004"/>
          <property name="Exif/FNumber" value="2.8"/>
          <property name="Exif/FocalLength" value="8.8"/>
          <property name="Exif/FocalLengthIn35mmFilm" value="24"/>
          <property name="Exif/ISOSpeedRatings" value="3200"/>
          <property name="Exif/Make" value="SONY"/>
          <property name="Exif/Model" value="DSC-RX10"/>
          <property name="Exif/Orientation" value="1"/>
          <property name="Exif/Software" value="DSC-RX10 v1.00"/>
          <property name="File/ImageHeight" value="3648"/>
          <property name="File/ImageWidth" value="4864"/>
          <property name="System/FileModifyDate" value="2018:01:08 15:37:16"/>
          <property name="System/FileSize" value="5414412"/>
        </meta>
      </photo>
    </camera>
    <camera camera_id="4">
      <photo path="../../../../../Desktop/Blok hout/DSC06147.JPG">
        <meta>
          <property name="Exif/DateTime" value="2018:01:08 15:37:24"/>
          <property name="Exif/DateTimeOriginal" value="2018:01:08 15:37:24"/>
          <property name="Exif/ExposureTime" value="0.000625"/>
          <property name="Exif/FNumber" value="2.8"/>
          <property name="Exif/FocalLength" value="8.8"/>
          <property name="Exif/FocalLengthIn35mmFilm" value="24"/>
          <property name="Exif/ISOSpeedRatings" value="3200"/>
          <property name="Exif/Make" value="SONY"/>
          <property name="Exif/Model" value="DSC-RX10"/>
          <property name="Exif/Orientation" value="1"/>
          <property name="Exif/Software" value="DSC-RX10 v1.00"/>
          <property name="File/ImageHeight" value="3648"/>
          <property name="File/ImageWidth" value="4864"/>
          <property name="System/FileModifyDate" value="2018:01:08 15:37:24"/>
          <property name="System/FileSize" value="5514889"/>
        </meta>
      </photo>
    </camera>
    <camera camera_id="5">
      <photo path="../../../../../Desktop/Blok hout/DSC06148.JPG">
        <meta>
          <property name="Exif/DateTime" value="2018:01:08 15:37:31"/>
          <property name="Exif/DateTimeOriginal" value="2018:01:08 15:37:31"/>
          <property name="Exif/ExposureTime" value="0.000625"/>
          <property name="Exif/FNumber" value="2.8"/>
          <property name="Exif/FocalLength" value="8.8"/>
          <property name="Exif/FocalLengthIn35mmFilm" value="24"/>
          <property name="Exif/ISOSpeedRatings" value="3200"/>
          <property name="Exif/Make" value="SONY"/>
          <property name="Exif/Model" value="DSC-RX10"/>
          <property name="Exif/Orientation" value="1"/>
          <property name="Exif/Software" value="DSC-RX10 v1.00"/>
          <property name="File/ImageHeight" value="3648"/>
          <property name="File/ImageWidth" value="4864"/>
          <property name="System/FileModifyDate" value="2018:01:08 15:37:30"/>
          <property name="System/FileSize" value="5503942"/>
        </meta>
      </photo>
    </camera>
    <camera camera_id="6">
      <photo path="../../../../../Desktop/Blok hout/DSC06149.JPG">
        <meta>
          <property name="Exif/DateTime" value="2018:01:08 15:37:40"/>
          <property name="Exif/DateTimeOriginal" value="2018:01:08 15:37:40"/>
          <property name="Exif/ExposureTime" value="0.005"/>
          <property name="Exif/FNumber" value="2.8"/>
          <property name="Exif/FocalLength" value="8.8"/>
          <property name="Exif/FocalLengthIn35mmFilm" value="24"/>
          <property name="Exif/ISOSpeedRatings" value="3200"/>
          <property name="Exif/Make" value="SONY"/>
          <property name="Exif/Model" value="DSC-RX10"/>
          <property name="Exif/Orientation" value="1"/>
          <property name="Exif/Software" value="DSC-RX10 v1.00"/>
          <property name="File/ImageHeight" value="3648"/>
          <property name="File/ImageWidth" value="4864"/>
          <property name="System/FileModifyDate" value="2018:01:08 15:37:40"/>
          <property name="System/FileSize" value="5633213"/>
        </meta>
      </photo>
    </camera>
    <camera camera_id="7">
      <photo path="../../../../../Desktop/Blok hout/DSC06150.JPG">
        <meta>
          <property name="Exif/DateTime" value="2018:01:08 15:37:46"/>
          <property name="Exif/DateTimeOriginal" value="2018:01:08 15:37:46"/>
          <property name="Exif/ExposureTime" value="0.0008"/>
          <property name="Exif/FNumber" value="2.8"/>
          <property name="Exif/FocalLength" value="8.8"/>
          <property name="Exif/FocalLengthIn35mmFilm" value="24"/>
          <property name="Exif/ISOSpeedRatings" value="3200"/>
          <property name="Exif/Make" value="SONY"/>
          <property name="Exif/Model" value="DSC-RX10"/>
          <property name="Exif/Orientation" value="1"/>
          <property name="Exif/Software" value="DSC-RX10 v1.00"/>
          <property name="File/ImageHeight" value="3648"/>
          <property name="File/ImageWidth" value="4864"/>
          <property name="System/FileModifyDate" value="2018:01:08 15:37:46"/>
          <property name="System/FileSize" value="5606862"/>
        </meta>
      </photo>
    </camera>
    <camera camera_id="8">
      <photo path="../../../../../Desktop/Blok hout/DSC06151.JPG">
        <meta>
          <property name="Exif/DateTime" value="2018:01:08 15:37:52"/>
          <property name="Exif/DateTimeOriginal" value="2018:01:08 15:37:52"/>
          <property name="Exif/ExposureTime" value="0.0008"/>
          <property name="Exif/FNumber" value="2.8"/>
          <property name="Exif/FocalLength" value="8.8"/>
          <property name="Exif/FocalLengthIn35mmFilm" value="24"/>
          <property name="Exif/ISOSpeedRatings" value="3200"/>
          <property name="Exif/Make" value="SONY"/>
          <property name="Exif/Model" value="DSC-RX10"/>
          <property name="Exif/Orientation" value="1"/>
          <property name="Exif/Software" value="DSC-RX10 v1.00"/>
          <property name="File/ImageHeight" value="3648"/>
          <property name="File/ImageWidth" value="4864"/>
          <property name="System/FileModifyDate" value="2018:01:08 15:37:52"/>
          <property name="System/FileSize" value="5637181"/>
        </meta>
      </photo>
    </camera>
    <camera camera_id="9">
      <photo path="../../../../../Desktop/Blok hout/DSC06152.JPG">
        <meta>
          <property name="Exif/DateTime" value="2018:01:08 15:37:59"/>
          <property name="Exif/DateTimeOriginal" value="2018:01:08 15:37:59"/>
          <property name="Exif/ExposureTime" value="0.0008"/>
          <property name="Exif/FNumber" value="2.8"/>
          <property name="Exif/FocalLength" value="8.8"/>
          <property name="Exif/FocalLengthIn35mmFilm" value="24"/>
          <property name="Exif/ISOSpeedRatings" value="3200"/>
          <property name="Exif/Make" value="SONY"/>
          <property name="Exif/Model" value="DSC-RX10"/>
          <property name="Exif/Orientation" value="1"/>
          <property name="Exif/Software" value="DSC-RX10 v1.00"/>
          <property name="File/ImageHeight" value="3648"/>
          <property name="File/ImageWidth" value="4864"/>
          <property name="System/FileModifyDate" value="2018:01:08 15:37:58"/>
          <property name="System/FileSize" value="5742997"/>
        </meta>
      </photo>
    </camera>
    <camera camera_id="10">
      <photo path="../../../../../Desktop/Blok hout/DSC06153.JPG">
        <meta>
          <property name="Exif/DateTime" value="2018:01:08 15:38:13"/>
          <property name="Exif/DateTimeOriginal" value="2018:01:08 15:38:13"/>
          <property name="Exif/ExposureTime" value="0.001"/>
          <property name="Exif/FNumber" value="2.8"/>
          <property name="Exif/FocalLength" value="8.8"/>
          <property name="Exif/FocalLengthIn35mmFilm" value="24"/>
          <property name="Exif/ISOSpeedRatings" value="3200"/>
          <property name="Exif/Make" value="SONY"/>
          <property name="Exif/Model" value="DSC-RX10"/>
          <property name="Exif/Orientation" value="1"/>
          <property name="Exif/Software" value="DSC-RX10 v1.00"/>
          <property name="File/ImageHeight" value="3648"/>
          <property name="File/ImageWidth" value="4864"/>
          <property name="System/FileModifyDate" value="2018:01:08 15:38:12"/>
          <property name="System/FileSize" value="5908312"/>
        </meta>
      </photo>
    </camera>
    <camera camera_id="11">
      <photo path="../../../../../Desktop/Blok hout/DSC06154.JPG">
        <meta>
          <property name="Exif/DateTime" value="2018:01:08 15:38:19"/>
          <property name="Exif/DateTimeOriginal" value="2018:01:08 15:38:19"/>
          <property name="Exif/ExposureTime" value="0.001"/>
          <property name="Exif/FNumber" value="2.8"/>
          <property name="Exif/FocalLength" value="8.8"/>
          <property name="Exif/FocalLengthIn35mmFilm" value="24"/>
          <property name="Exif/ISOSpeedRatings" value="3200"/>
          <property name="Exif/Make" value="SONY"/>
          <property name="Exif/Model" value="DSC-RX10"/>
          <property name="Exif/Orientation" value="1"/>
          <property name="Exif/Software" value="DSC-RX10 v1.00"/>
          <property name="File/ImageHeight" value="3648"/>
          <property name="File/ImageWidth" value="4864"/>
          <property name="System/FileModifyDate" value="2018:01:08 15:38:18"/>
          <property name="System/FileSize" value="5971675"/>
        </meta>
      </photo>
    </camera>
    <camera camera_id="12">
      <photo path="../../../../../Desktop/Blok hout/DSC06155.JPG">
        <meta>
          <property name="Exif/DateTime" value="2018:01:08 15:38:26"/>
          <property name="Exif/DateTimeOriginal" value="2018:01:08 15:38:26"/>
          <property name="Exif/ExposureTime" value="0.0008"/>
          <property name="Exif/FNumber" value="2.8"/>
          <property name="Exif/FocalLength" value="8.8"/>
          <property name="Exif/FocalLengthIn35mmFilm" value="24"/>
          <property name="Exif/ISOSpeedRatings" value="3200"/>
          <property name="Exif/Make" value="SONY"/>
          <property name="Exif/Model" value="DSC-RX10"/>
          <property name="Exif/Orientation" value="1"/>
          <property name="Exif/Software" value="DSC-RX10 v1.00"/>
          <property name="File/ImageHeight" value="3648"/>
          <property name="File/ImageWidth" value="4864"/>
          <property name="System/FileModifyDate" value="2018:01:08 15:38:26"/>
          <property name="System/FileSize" value="5856193"/>
        </meta>
      </photo>
    </camera>
    <camera camera_id="13">
      <photo path="../../../../../Desktop/Blok hout/DSC06156.JPG">
        <meta>
          <property name="Exif/DateTime" value="2018:01:08 15:38:32"/>
          <property name="Exif/DateTimeOriginal" value="2018:01:08 15:38:32"/>
          <property name="Exif/ExposureTime" value="0.000625"/>
          <property name="Exif/FNumber" value="2.8"/>
          <property name="Exif/FocalLength" value="8.8"/>
          <property name="Exif/FocalLengthIn35mmFilm" value="24"/>
          <property name="Exif/ISOSpeedRatings" value="3200"/>
          <property name="Exif/Make" value="SONY"/>
          <property name="Exif/Model" value="DSC-RX10"/>
          <property name="Exif/Orientation" value="1"/>
          <property name="Exif/Software" value="DSC-RX10 v1.00"/>
          <property name="File/ImageHeight" value="3648"/>
          <property name="File/ImageWidth" value="4864"/>
          <property name="System/FileModifyDate" value="2018:01:08 15:38:32"/>
          <property name="System/FileSize" value="5886622"/>
        </meta>
      </photo>
    </camera>
    <camera camera_id="14">
      <photo path="../../../../../Desktop/Blok hout/DSC06157.JPG">
        <meta>
          <property name="Exif/DateTime" value="2018:01:08 15:38:38"/>
          <property name="Exif/DateTimeOriginal" value="2018:01:08 15:38:38"/>
          <property name="Exif/ExposureTime" value="0.005"/>
          <property name="Exif/FNumber" value="2.8"/>
          <property name="Exif/FocalLength" value="8.8"/>
          <property name="Exif/FocalLengthIn35mmFilm" value="24"/>
          <property name="Exif/ISOSpeedRatings" value="3200"/>
          <property name="Exif/Make" value="SONY"/>
          <property name="Exif/Model" value="DSC-RX10"/>
          <property name="Exif/Orientation" value="1"/>
          <property name="Exif/Software" value="DSC-RX10 v1.00"/>
          <property name="File/ImageHeight" value="3648"/>
          <property name="File/ImageWidth" value="4864"/>
          <property name="System/FileModifyDate" value="2018:01:08 15:38:38"/>
          <property name="System/FileSize" value="5820787"/>
        </meta>
      </photo>
    </camera>
    <camera camera_id="15">
      <photo path="../../../../../Desktop/Blok hout/DSC06158.JPG">
        <meta>
          <property name="Exif/DateTime" value="2018:01:08 15:38:44"/>
          <property name="Exif/DateTimeOriginal" value="2018:01:08 15:38:44"/>
          <property name="Exif/ExposureTime" value="0.004"/>
          <property name="Exif/FNumber" value="2.8"/>
          <property name="Exif/FocalLength" value="8.8"/>
          <property name="Exif/FocalLengthIn35mmFilm" value="24"/>
          <property name="Exif/ISOSpeedRatings" value="3200"/>
          <property name="Exif/Make" value="SONY"/>
          <property name="Exif/Model" value="DSC-RX10"/>
          <property name="Exif/Orientation" value="1"/>
          <property name="Exif/Software" value="DSC-RX10 v1.00"/>
          <property name="File/ImageHeight" value="3648"/>
          <property name="File/ImageWidth" value="4864"/>
          <property name="System/FileModifyDate" value="2018:01:08 15:38:44"/>
          <property name="System/FileSize" value="5574836"/>
        </meta>
      </photo>
    </camera>
    <camera camera_id="16">
      <photo path="../../../../../Desktop/Blok hout/DSC06159.JPG">
        <meta>
          <property name="Exif/DateTime" value="2018:01:08 15:38:51"/>
          <property name="Exif/DateTimeOriginal" value="2018:01:08 15:38:51"/>
          <property name="Exif/ExposureTime" value="0.003125"/>
          <property name="Exif/FNumber" value="2.8"/>
          <property name="Exif/FocalLength" value="8.8"/>
          <property name="Exif/FocalLengthIn35mmFilm" value="24"/>
          <property name="Exif/ISOSpeedRatings" value="3200"/>
          <property name="Exif/Make" value="SONY"/>
          <property name="Exif/Model" value="DSC-RX10"/>
          <property name="Exif/Orientation" value="1"/>
          <property name="Exif/Software" value="DSC-RX10 v1.00"/>
          <property name="File/ImageHeight" value="3648"/>
          <property name="File/ImageWidth" value="4864"/>
          <property name="System/FileModifyDate" value="2018:01:08 15:38:50"/>
          <property name="System/FileSize" value="5324613"/>
        </meta>
      </photo>
    </camera>
    <camera camera_id="17">
      <photo path="../../../../../Desktop/Blok hout/DSC06160.JPG">
        <meta>
          <property name="Exif/DateTime" value="2018:01:08 15:38:57"/>
          <property name="Exif/DateTimeOriginal" value="2018:01:08 15:38:57"/>
          <property name="Exif/ExposureTime" value="0.0025"/>
          <property name="Exif/FNumber" value="2.8"/>
          <property name="Exif/FocalLength" value="8.8"/>
          <property name="Exif/FocalLengthIn35mmFilm" value="24"/>
          <property name="Exif/ISOSpeedRatings" value="3200"/>
          <property name="Exif/Make" value="SONY"/>
          <property name="Exif/Model" value="DSC-RX10"/>
          <property name="Exif/Orientation" value="1"/>
          <property name="Exif/Software" value="DSC-RX10 v1.00"/>
          <property name="File/ImageHeight" value="3648"/>
          <property name="File/ImageWidth" value="4864"/>
          <property name="System/FileModifyDate" value="2018:01:08 15:38:56"/>
          <property name="System/FileSize" value="5221033"/>
        </meta>
      </photo>
    </camera>
    <camera camera_id="18">
      <photo path="../../../../../Desktop/Blok hout/DSC06161.JPG">
        <meta>
          <property name="Exif/DateTime" value="2018:01:08 15:39:05"/>
          <property name="Exif/DateTimeOriginal" value="2018:01:08 15:39:05"/>
          <property name="Exif/ExposureTime" value="0.0025"/>
          <property name="Exif/FNumber" value="2.8"/>
          <property name="Exif/FocalLength" value="8.8"/>
          <property name="Exif/FocalLengthIn35mmFilm" value="24"/>
          <property name="Exif/ISOSpeedRatings" value="3200"/>
          <property name="Exif/Make" value="SONY"/>
          <property name="Exif/Model" value="DSC-RX10"/>
          <property name="Exif/Orientation" value="1"/>
          <property name="Exif/Software" value="DSC-RX10 v1.00"/>
          <property name="File/ImageHeight" value="3648"/>
          <property name="File/ImageWidth" value="4864"/>
          <property name="System/FileModifyDate" value="2018:01:08 15:39:04"/>
          <property name="System/FileSize" value="5405218"/>
        </meta>
      </photo>
    </camera>
    <camera camera_id="19">
      <photo path="../../../../../Desktop/Blok hout/DSC06162.JPG">
        <meta>
          <property name="Exif/DateTime" value="2018:01:08 15:39:12"/>
          <property name="Exif/DateTimeOriginal" value="2018:01:08 15:39:12"/>
          <property name="Exif/ExposureTime" value="0.003125"/>
          <property name="Exif/FNumber" value="2.8"/>
          <property name="Exif/FocalLength" value="8.8"/>
          <property name="Exif/FocalLengthIn35mmFilm" value="24"/>
          <property name="Exif/ISOSpeedRatings" value="3200"/>
          <property name="Exif/Make" value="SONY"/>
          <property name="Exif/Model" value="DSC-RX10"/>
          <property name="Exif/Orientation" value="1"/>
          <property name="Exif/Software" value="DSC-RX10 v1.00"/>
          <property name="File/ImageHeight" value="3648"/>
          <property name="File/ImageWidth" value="4864"/>
          <property name="System/FileModifyDate" value="2018:01:08 15:39:12"/>
          <property name="System/FileSize" value="5429285"/>
        </meta>
      </photo>
    </camera>
    <camera camera_id="20">
      <photo path="../../../../../Desktop/Blok hout/DSC06163.JPG">
        <meta>
          <property name="Exif/DateTime" value="2018:01:08 15:39:21"/>
          <property name="Exif/DateTimeOriginal" value="2018:01:08 15:39:21"/>
          <property name="Exif/ExposureTime" value="0.003125"/>
          <property name="Exif/FNumber" value="2.8"/>
          <property name="Exif/FocalLength" value="8.8"/>
          <property name="Exif/FocalLengthIn35mmFilm" value="24"/>
          <property name="Exif/ISOSpeedRatings" value="3200"/>
          <property name="Exif/Make" value="SONY"/>
          <property name="Exif/Model" value="DSC-RX10"/>
          <property name="Exif/Orientation" value="1"/>
          <property name="Exif/Software" value="DSC-RX10 v1.00"/>
          <property name="File/ImageHeight" value="3648"/>
          <property name="File/ImageWidth" value="4864"/>
          <property name="System/FileModifyDate" value="2018:01:08 15:39:20"/>
          <property name="System/FileSize" value="5494829"/>
        </meta>
      </photo>
    </camera>
    <camera camera_id="21">
      <photo path="../../../../../Desktop/Blok hout/DSC06164.JPG">
        <meta>
          <property name="Exif/DateTime" value="2018:01:08 15:39:35"/>
          <property name="Exif/DateTimeOriginal" value="2018:01:08 15:39:35"/>
          <property name="Exif/ExposureTime" value="0.001"/>
          <property name="Exif/FNumber" value="2.8"/>
          <property name="Exif/FocalLength" value="8.8"/>
          <property name="Exif/FocalLengthIn35mmFilm" value="24"/>
          <property name="Exif/ISOSpeedRatings" value="3200"/>
          <property name="Exif/Make" value="SONY"/>
          <property name="Exif/Model" value="DSC-RX10"/>
          <property name="Exif/Orientation" value="1"/>
          <property name="Exif/Software" value="DSC-RX10 v1.00"/>
          <property name="File/ImageHeight" value="3648"/>
          <property name="File/ImageWidth" value="4864"/>
          <property name="System/FileModifyDate" value="2018:01:08 15:39:34"/>
          <property name="System/FileSize" value="6076282"/>
        </meta>
      </photo>
    </camera>
    <camera camera_id="22">
      <photo path="../../../../../Desktop/Blok hout/DSC06165.JPG">
        <meta>
          <property name="Exif/DateTime" value="2018:01:08 15:39:41"/>
          <property name="Exif/DateTimeOriginal" value="2018:01:08 15:39:41"/>
          <property name="Exif/ExposureTime" value="0.001"/>
          <property name="Exif/FNumber" value="2.8"/>
          <property name="Exif/FocalLength" value="8.8"/>
          <property name="Exif/FocalLengthIn35mmFilm" value="24"/>
          <property name="Exif/ISOSpeedRatings" value="3200"/>
          <property name="Exif/Make" value="SONY"/>
          <property name="Exif/Model" value="DSC-RX10"/>
          <property name="Exif/Orientation" value="1"/>
          <property name="Exif/Software" value="DSC-RX10 v1.00"/>
          <property name="File/ImageHeight" value="3648"/>
          <property name="File/ImageWidth" value="4864"/>
          <property name="System/FileModifyDate" value="2018:01:08 15:39:40"/>
          <property name="System/FileSize" value="6146943"/>
        </meta>
      </photo>
    </camera>
    <camera camera_id="23">
      <photo path="../../../../../Desktop/Blok hout/DSC06166.JPG">
        <meta>
          <property name="Exif/DateTime" value="2018:01:08 15:39:47"/>
          <property name="Exif/DateTimeOriginal" value="2018:01:08 15:39:47"/>
          <property name="Exif/ExposureTime" value="0.001"/>
          <property name="Exif/FNumber" value="2.8"/>
          <property name="Exif/FocalLength" value="8.8"/>
          <property name="Exif/FocalLengthIn35mmFilm" value="24"/>
          <property name="Exif/ISOSpeedRatings" value="3200"/>
          <property name="Exif/Make" value="SONY"/>
          <property name="Exif/Model" value="DSC-RX10"/>
          <property name="Exif/Orientation" value="1"/>
          <property name="Exif/Software" value="DSC-RX10 v1.00"/>
          <property name="File/ImageHeight" value="3648"/>
          <property name="File/ImageWidth" value="4864"/>
          <property name="System/FileModifyDate" value="2018:01:08 15:39:46"/>
          <property name="System/FileSize" value="6225413"/>
        </meta>
      </photo>
    </camera>
    <camera camera_id="24">
      <photo path="../../../../../Desktop/Blok hout/DSC06167.JPG">
        <meta>
          <property name="Exif/DateTime" value="2018:01:08 15:39:53"/>
          <property name="Exif/DateTimeOriginal" value="2018:01:08 15:39:53"/>
          <property name="Exif/ExposureTime" value="0.00125"/>
          <property name="Exif/FNumber" value="2.8"/>
          <property name="Exif/FocalLength" value="8.8"/>
          <property name="Exif/FocalLengthIn35mmFilm" value="24"/>
          <property name="Exif/ISOSpeedRatings" value="3200"/>
          <property name="Exif/Make" value="SONY"/>
          <property name="Exif/Model" value="DSC-RX10"/>
          <property name="Exif/Orientation" value="1"/>
          <property name="Exif/Software" value="DSC-RX10 v1.00"/>
          <property name="File/ImageHeight" value="3648"/>
          <property name="File/ImageWidth" value="4864"/>
          <property name="System/FileModifyDate" value="2018:01:08 15:39:52"/>
          <property name="System/FileSize" value="6432446"/>
        </meta>
      </photo>
    </camera>
    <camera camera_id="25">
      <photo path="../../../../../Desktop/Blok hout/DSC06168.JPG">
        <meta>
          <property name="Exif/DateTime" value="2018:01:08 15:40:03"/>
          <property name="Exif/DateTimeOriginal" value="2018:01:08 15:40:03"/>
          <property name="Exif/ExposureTime" value="0.00125"/>
          <property name="Exif/FNumber" value="2.8"/>
          <property name="Exif/FocalLength" value="8.8"/>
          <property name="Exif/FocalLengthIn35mmFilm" value="24"/>
          <property name="Exif/ISOSpeedRatings" value="3200"/>
          <property name="Exif/Make" value="SONY"/>
          <property name="Exif/Model" value="DSC-RX10"/>
          <property name="Exif/Orientation" value="1"/>
          <property name="Exif/Software" value="DSC-RX10 v1.00"/>
          <property name="File/ImageHeight" value="3648"/>
          <property name="File/ImageWidth" value="4864"/>
          <property name="System/FileModifyDate" value="2018:01:08 15:40:02"/>
          <property name="System/FileSize" value="6322839"/>
        </meta>
      </photo>
    </camera>
    <camera camera_id="26">
      <photo path="../../../../../Desktop/Blok hout/DSC06169.JPG">
        <meta>
          <property name="Exif/DateTime" value="2018:01:08 15:40:09"/>
          <property name="Exif/DateTimeOriginal" value="2018:01:08 15:40:09"/>
          <property name="Exif/ExposureTime" value="0.001"/>
          <property name="Exif/FNumber" value="2.8"/>
          <property name="Exif/FocalLength" value="8.8"/>
          <property name="Exif/FocalLengthIn35mmFilm" value="24"/>
          <property name="Exif/ISOSpeedRatings" value="3200"/>
          <property name="Exif/Make" value="SONY"/>
          <property name="Exif/Model" value="DSC-RX10"/>
          <property name="Exif/Orientation" value="1"/>
          <property name="Exif/Software" value="DSC-RX10 v1.00"/>
          <property name="File/ImageHeight" value="3648"/>
          <property name="File/ImageWidth" value="4864"/>
          <property name="System/FileModifyDate" value="2018:01:08 15:40:08"/>
          <property name="System/FileSize" value="6056238"/>
        </meta>
      </photo>
    </camera>
    <camera camera_id="27">
      <photo path="../../../../../Desktop/Blok hout/DSC06170.JPG">
        <meta>
          <property name="Exif/DateTime" value="2018:01:08 15:40:18"/>
          <property name="Exif/DateTimeOriginal" value="2018:01:08 15:40:18"/>
          <property name="Exif/ExposureTime" value="0.001"/>
          <property name="Exif/FNumber" value="2.8"/>
          <property name="Exif/FocalLength" value="8.8"/>
          <property name="Exif/FocalLengthIn35mmFilm" value="24"/>
          <property name="Exif/ISOSpeedRatings" value="3200"/>
          <property name="Exif/Make" value="SONY"/>
          <property name="Exif/Model" value="DSC-RX10"/>
          <property name="Exif/Orientation" value="1"/>
          <property name="Exif/Software" value="DSC-RX10 v1.00"/>
          <property name="File/ImageHeight" value="3648"/>
          <property name="File/ImageWidth" value="4864"/>
          <property name="System/FileModifyDate" value="2018:01:08 15:40:18"/>
          <property name="System/FileSize" value="6276358"/>
        </meta>
      </photo>
    </camera>
    <camera camera_id="28">
      <photo path="../../../../../Desktop/Blok hout/DSC06171.JPG">
        <meta>
          <property name="Exif/DateTime" value="2018:01:08 15:40:24"/>
          <property name="Exif/DateTimeOriginal" value="2018:01:08 15:40:24"/>
          <property name="Exif/ExposureTime" value="0.00125"/>
          <property name="Exif/FNumber" value="2.8"/>
          <property name="Exif/FocalLength" value="8.8"/>
          <property name="Exif/FocalLengthIn35mmFilm" value="24"/>
          <property name="Exif/ISOSpeedRatings" value="3200"/>
          <property name="Exif/Make" value="SONY"/>
          <property name="Exif/Model" value="DSC-RX10"/>
          <property name="Exif/Orientation" value="1"/>
          <property name="Exif/Software" value="DSC-RX10 v1.00"/>
          <property name="File/ImageHeight" value="3648"/>
          <property name="File/ImageWidth" value="4864"/>
          <property name="System/FileModifyDate" value="2018:01:08 15:40:24"/>
          <property name="System/FileSize" value="6197261"/>
        </meta>
      </photo>
    </camera>
    <camera camera_id="29">
      <photo path="../../../../../Desktop/Blok hout/DSC06172.JPG">
        <meta>
          <property name="Exif/DateTime" value="2018:01:08 15:40:31"/>
          <property name="Exif/DateTimeOriginal" value="2018:01:08 15:40:31"/>
          <property name="Exif/ExposureTime" value="0.001"/>
          <property name="Exif/FNumber" value="2.8"/>
          <property name="Exif/FocalLength" value="8.8"/>
          <property name="Exif/FocalLengthIn35mmFilm" value="24"/>
          <property name="Exif/ISOSpeedRatings" value="3200"/>
          <property name="Exif/Make" value="SONY"/>
          <property name="Exif/Model" value="DSC-RX10"/>
          <property name="Exif/Orientation" value="1"/>
          <property name="Exif/Software" value="DSC-RX10 v1.00"/>
          <property name="File/ImageHeight" value="3648"/>
          <property name="File/ImageWidth" value="4864"/>
          <property name="System/FileModifyDate" value="2018:01:08 15:40:30"/>
          <property name="System/FileSize" value="6521459"/>
        </meta>
      </photo>
    </camera>
    <camera camera_id="30">
      <photo path="../../../../../Desktop/Blok hout/DSC06173.JPG">
        <meta>
          <property name="Exif/DateTime" value="2018:01:08 15:40:38"/>
          <property name="Exif/DateTimeOriginal" value="2018:01:08 15:40:38"/>
          <property name="Exif/ExposureTime" value="0.00125"/>
          <property name="Exif/FNumber" value="2.8"/>
          <property name="Exif/FocalLength" value="8.8"/>
          <property name="Exif/FocalLengthIn35mmFilm" value="24"/>
          <property name="Exif/ISOSpeedRatings" value="3200"/>
          <property name="Exif/Make" value="SONY"/>
          <property name="Exif/Model" value="DSC-RX10"/>
          <property name="Exif/Orientation" value="1"/>
          <property name="Exif/Software" value="DSC-RX10 v1.00"/>
          <property name="File/ImageHeight" value="3648"/>
          <property name="File/ImageWidth" value="4864"/>
          <property name="System/FileModifyDate" value="2018:01:08 15:40:38"/>
          <property name="System/FileSize" value="7094643"/>
        </meta>
      </photo>
    </camera>
    <camera camera_id="31">
      <photo path="../../../../../Desktop/Blok hout/DSC06174.JPG">
        <meta>
          <property name="Exif/DateTime" value="2018:01:08 15:40:45"/>
          <property name="Exif/DateTimeOriginal" value="2018:01:08 15:40:45"/>
          <property name="Exif/ExposureTime" value="0.00125"/>
          <property name="Exif/FNumber" value="2.8"/>
          <property name="Exif/FocalLength" value="8.8"/>
          <property name="Exif/FocalLengthIn35mmFilm" value="24"/>
          <property name="Exif/ISOSpeedRatings" value="3200"/>
          <property name="Exif/Make" value="SONY"/>
          <property name="Exif/Model" value="DSC-RX10"/>
          <property name="Exif/Orientation" value="1"/>
          <property name="Exif/Software" value="DSC-RX10 v1.00"/>
          <property name="File/ImageHeight" value="3648"/>
          <property name="File/ImageWidth" value="4864"/>
          <property name="System/FileModifyDate" value="2018:01:08 15:40:44"/>
          <property name="System/FileSize" value="6842526"/>
        </meta>
      </photo>
    </camera>
    <camera camera_id="32">
      <photo path="../../../../../Desktop/Blok hout/DSC06175.JPG">
        <meta>
          <property name="Exif/DateTime" value="2018:01:08 15:40:52"/>
          <property name="Exif/DateTimeOriginal" value="2018:01:08 15:40:52"/>
          <property name="Exif/ExposureTime" value="0.001"/>
          <property name="Exif/FNumber" value="2.8"/>
          <property name="Exif/FocalLength" value="8.8"/>
          <property name="Exif/FocalLengthIn35mmFilm" value="24"/>
          <property name="Exif/ISOSpeedRatings" value="3200"/>
          <property name="Exif/Make" value="SONY"/>
          <property name="Exif/Model" value="DSC-RX10"/>
          <property name="Exif/Orientation" value="1"/>
          <property name="Exif/Software" value="DSC-RX10 v1.00"/>
          <property name="File/ImageHeight" value="3648"/>
          <property name="File/ImageWidth" value="4864"/>
          <property name="System/FileModifyDate" value="2018:01:08 15:40:52"/>
          <property name="System/FileSize" value="6582127"/>
        </meta>
      </photo>
    </camera>
    <camera camera_id="33">
      <photo path="../../../../../Desktop/Blok hout/DSC06176.JPG">
        <meta>
          <property name="Exif/DateTime" value="2018:01:08 15:40:58"/>
          <property name="Exif/DateTimeOriginal" value="2018:01:08 15:40:58"/>
          <property name="Exif/ExposureTime" value="0.001"/>
          <property name="Exif/FNumber" value="2.8"/>
          <property name="Exif/FocalLength" value="8.8"/>
          <property name="Exif/FocalLengthIn35mmFilm" value="24"/>
          <property name="Exif/ISOSpeedRatings" value="3200"/>
          <property name="Exif/Make" value="SONY"/>
          <property name="Exif/Model" value="DSC-RX10"/>
          <property name="Exif/Orientation" value="1"/>
          <property name="Exif/Software" value="DSC-RX10 v1.00"/>
          <property name="File/ImageHeight" value="3648"/>
          <property name="File/ImageWidth" value="4864"/>
          <property name="System/FileModifyDate" value="2018:01:08 15:40:58"/>
          <property name="System/FileSize" value="6675973"/>
        </meta>
      </photo>
    </camera>
    <camera camera_id="34">
      <photo path="../../../../../Desktop/Blok hout/DSC06177.JPG">
        <meta>
          <property name="Exif/DateTime" value="2018:01:08 15:41:07"/>
          <property name="Exif/DateTimeOriginal" value="2018:01:08 15:41:07"/>
          <property name="Exif/ExposureTime" value="0.0008"/>
          <property name="Exif/FNumber" value="2.8"/>
          <property name="Exif/FocalLength" value="8.8"/>
          <property name="Exif/FocalLengthIn35mmFilm" value="24"/>
          <property name="Exif/ISOSpeedRatings" value="3200"/>
          <property name="Exif/Make" value="SONY"/>
          <property name="Exif/Model" value="DSC-RX10"/>
          <property name="Exif/Orientation" value="1"/>
          <property name="Exif/Software" value="DSC-RX10 v1.00"/>
          <property name="File/ImageHeight" value="3648"/>
          <property name="File/ImageWidth" value="4864"/>
          <property name="System/FileModifyDate" value="2018:01:08 15:41:06"/>
          <property name="System/FileSize" value="6221557"/>
        </meta>
      </photo>
    </camera>
    <camera camera_id="35">
      <photo path="../../../../../Desktop/Blok hout/DSC06178.JPG">
        <meta>
          <property name="Exif/DateTime" value="2018:01:08 15:41:16"/>
          <property name="Exif/DateTimeOriginal" value="2018:01:08 15:41:16"/>
          <property name="Exif/ExposureTime" value="0.0008"/>
          <property name="Exif/FNumber" value="2.8"/>
          <property name="Exif/FocalLength" value="8.8"/>
          <property name="Exif/FocalLengthIn35mmFilm" value="24"/>
          <property name="Exif/ISOSpeedRatings" value="3200"/>
          <property name="Exif/Make" value="SONY"/>
          <property name="Exif/Model" value="DSC-RX10"/>
          <property name="Exif/Orientation" value="1"/>
          <property name="Exif/Software" value="DSC-RX10 v1.00"/>
          <property name="File/ImageHeight" value="3648"/>
          <property name="File/ImageWidth" value="4864"/>
          <property name="System/FileModifyDate" value="2018:01:08 15:41:16"/>
          <property name="System/FileSize" value="6142010"/>
        </meta>
      </photo>
    </camera>
    <camera camera_id="36">
      <photo path="../../../../../Desktop/Blok hout/DSC06179.JPG">
        <meta>
          <property name="Exif/DateTime" value="2018:01:08 15:41:26"/>
          <property name="Exif/DateTimeOriginal" value="2018:01:08 15:41:26"/>
          <property name="Exif/ExposureTime" value="0.004"/>
          <property name="Exif/FNumber" value="2.8"/>
          <property name="Exif/FocalLength" value="8.8"/>
          <property name="Exif/FocalLengthIn35mmFilm" value="24"/>
          <property name="Exif/ISOSpeedRatings" value="3200"/>
          <property name="Exif/Make" value="SONY"/>
          <property name="Exif/Model" value="DSC-RX10"/>
          <property name="Exif/Orientation" value="1"/>
          <property name="Exif/Software" value="DSC-RX10 v1.00"/>
          <property name="File/ImageHeight" value="3648"/>
          <property name="File/ImageWidth" value="4864"/>
          <property name="System/FileModifyDate" value="2018:01:08 15:41:26"/>
          <property name="System/FileSize" value="5630288"/>
        </meta>
      </photo>
    </camera>
    <camera camera_id="37">
      <photo path="../../../../../Desktop/Blok hout/DSC06180.JPG">
        <meta>
          <property name="Exif/DateTime" value="2018:01:08 15:41:33"/>
          <property name="Exif/DateTimeOriginal" value="2018:01:08 15:41:33"/>
          <property name="Exif/ExposureTime" value="0.003125"/>
          <property name="Exif/FNumber" value="2.8"/>
          <property name="Exif/FocalLength" value="8.8"/>
          <property name="Exif/FocalLengthIn35mmFilm" value="24"/>
          <property name="Exif/ISOSpeedRatings" value="3200"/>
          <property name="Exif/Make" value="SONY"/>
          <property name="Exif/Model" value="DSC-RX10"/>
          <property name="Exif/Orientation" value="1"/>
          <property name="Exif/Software" value="DSC-RX10 v1.00"/>
          <property name="File/ImageHeight" value="3648"/>
          <property name="File/ImageWidth" value="4864"/>
          <property name="System/FileModifyDate" value="2018:01:08 15:41:32"/>
          <property name="System/FileSize" value="5400099"/>
        </meta>
      </photo>
    </camera>
    <camera camera_id="38">
      <photo path="../../../../../Desktop/Blok hout/DSC06181.JPG">
        <meta>
          <property name="Exif/DateTime" value="2018:01:08 15:41:41"/>
          <property name="Exif/DateTimeOriginal" value="2018:01:08 15:41:41"/>
          <property name="Exif/ExposureTime" value="0.004"/>
          <property name="Exif/FNumber" value="2.8"/>
          <property name="Exif/FocalLength" value="8.8"/>
          <property name="Exif/FocalLengthIn35mmFilm" value="24"/>
          <property name="Exif/ISOSpeedRatings" value="3200"/>
          <property name="Exif/Make" value="SONY"/>
          <property name="Exif/Model" value="DSC-RX10"/>
          <property name="Exif/Orientation" value="1"/>
          <property name="Exif/Software" value="DSC-RX10 v1.00"/>
          <property name="File/ImageHeight" value="3648"/>
          <property name="File/ImageWidth" value="4864"/>
          <property name="System/FileModifyDate" value="2018:01:08 15:41:40"/>
          <property name="System/FileSize" value="5495570"/>
        </meta>
      </photo>
    </camera>
    <camera camera_id="39">
      <photo path="../../../../../Desktop/Blok hout/DSC06182.JPG">
        <meta>
          <property name="Exif/DateTime" value="2018:01:08 15:41:47"/>
          <property name="Exif/DateTimeOriginal" value="2018:01:08 15:41:47"/>
          <property name="Exif/ExposureTime" value="0.004"/>
          <property name="Exif/FNumber" value="2.8"/>
          <property name="Exif/FocalLength" value="8.8"/>
          <property name="Exif/FocalLengthIn35mmFilm" value="24"/>
          <property name="Exif/ISOSpeedRatings" value="3200"/>
          <property name="Exif/Make" value="SONY"/>
          <property name="Exif/Model" value="DSC-RX10"/>
          <property name="Exif/Orientation" value="1"/>
          <property name="Exif/Software" value="DSC-RX10 v1.00"/>
          <property name="File/ImageHeight" value="3648"/>
          <property name="File/ImageWidth" value="4864"/>
          <property name="System/FileModifyDate" value="2018:01:08 15:41:46"/>
          <property name="System/FileSize" value="5393541"/>
        </meta>
      </photo>
    </camera>
    <camera camera_id="40">
      <photo path="../../../../../Desktop/Blok hout/DSC06183.JPG">
        <meta>
          <property name="Exif/DateTime" value="2018:01:08 15:41:54"/>
          <property name="Exif/DateTimeOriginal" value="2018:01:08 15:41:54"/>
          <property name="Exif/ExposureTime" value="0.004"/>
          <property name="Exif/FNumber" value="2.8"/>
          <property name="Exif/FocalLength" value="8.8"/>
          <property name="Exif/FocalLengthIn35mmFilm" value="24"/>
          <property name="Exif/ISOSpeedRatings" value="3200"/>
          <property name="Exif/Make" value="SONY"/>
          <property name="Exif/Model" value="DSC-RX10"/>
          <property name="Exif/Orientation" value="1"/>
          <property name="Exif/Software" value="DSC-RX10 v1.00"/>
          <property name="File/ImageHeight" value="3648"/>
          <property name="File/ImageWidth" value="4864"/>
          <property name="System/FileModifyDate" value="2018:01:08 15:41:54"/>
          <property name="System/FileSize" value="5465914"/>
        </meta>
      </photo>
    </camera>
    <camera camera_id="41">
      <photo path="../../../../../Desktop/Blok hout/DSC06184.JPG">
        <meta>
          <property name="Exif/DateTime" value="2018:01:08 15:42:24"/>
          <property name="Exif/DateTimeOriginal" value="2018:01:08 15:42:24"/>
          <property name="Exif/ExposureTime" value="0.000625"/>
          <property name="Exif/FNumber" value="2.8"/>
          <property name="Exif/FocalLength" value="8.8"/>
          <property name="Exif/FocalLengthIn35mmFilm" value="24"/>
          <property name="Exif/ISOSpeedRatings" value="3200"/>
          <property name="Exif/Make" value="SONY"/>
          <property name="Exif/Model" value="DSC-RX10"/>
          <property name="Exif/Orientation" value="1"/>
          <property name="Exif/Software" value="DSC-RX10 v1.00"/>
          <property name="File/ImageHeight" value="3648"/>
          <property name="File/ImageWidth" value="4864"/>
          <property name="System/FileModifyDate" value="2018:01:08 15:42:24"/>
          <property name="System/FileSize" value="6090107"/>
        </meta>
      </photo>
    </camera>
    <camera camera_id="42">
      <photo path="../../../../../Desktop/Blok hout/DSC06185.JPG">
        <meta>
          <property name="Exif/DateTime" value="2018:01:08 15:42:29"/>
          <property name="Exif/DateTimeOriginal" value="2018:01:08 15:42:29"/>
          <property name="Exif/ExposureTime" value="0.0008"/>
          <property name="Exif/FNumber" value="2.8"/>
          <property name="Exif/FocalLength" value="8.8"/>
          <property name="Exif/FocalLengthIn35mmFilm" value="24"/>
          <property name="Exif/ISOSpeedRatings" value="3200"/>
          <property name="Exif/Make" value="SONY"/>
          <property name="Exif/Model" value="DSC-RX10"/>
          <property name="Exif/Orientation" value="1"/>
          <property name="Exif/Software" value="DSC-RX10 v1.00"/>
          <property name="File/ImageHeight" value="3648"/>
          <property name="File/ImageWidth" value="4864"/>
          <property name="System/FileModifyDate" value="2018:01:08 15:42:28"/>
          <property name="System/FileSize" value="6069524"/>
        </meta>
      </photo>
    </camera>
    <camera camera_id="43">
      <photo path="../../../../../Desktop/Blok hout/DSC06186.JPG">
        <meta>
          <property name="Exif/DateTime" value="2018:01:08 15:42:35"/>
          <property name="Exif/DateTimeOriginal" value="2018:01:08 15:42:35"/>
          <property name="Exif/ExposureTime" value="0.0008"/>
          <property name="Exif/FNumber" value="2.8"/>
          <property name="Exif/FocalLength" value="8.8"/>
          <property name="Exif/FocalLengthIn35mmFilm" value="24"/>
          <property name="Exif/ISOSpeedRatings" value="3200"/>
          <property name="Exif/Make" value="SONY"/>
          <property name="Exif/Model" value="DSC-RX10"/>
          <property name="Exif/Orientation" value="1"/>
          <property name="Exif/Software" value="DSC-RX10 v1.00"/>
          <property name="File/ImageHeight" value="3648"/>
          <property name="File/ImageWidth" value="4864"/>
          <property name="System/FileModifyDate" value="2018:01:08 15:42:34"/>
          <property name="System/FileSize" value="5982451"/>
        </meta>
      </photo>
    </camera>
    <camera camera_id="44">
      <photo path="../../../../../Desktop/Blok hout/DSC06187.JPG">
        <meta>
          <property name="Exif/DateTime" value="2018:01:08 15:42:40"/>
          <property name="Exif/DateTimeOriginal" value="2018:01:08 15:42:40"/>
          <property name="Exif/ExposureTime" value="0.001"/>
          <property name="Exif/FNumber" value="2.8"/>
          <property name="Exif/FocalLength" value="8.8"/>
          <property name="Exif/FocalLengthIn35mmFilm" value="24"/>
          <property name="Exif/ISOSpeedRatings" value="3200"/>
          <property name="Exif/Make" value="SONY"/>
          <property name="Exif/Model" value="DSC-RX10"/>
          <property name="Exif/Orientation" value="1"/>
          <property name="Exif/Software" value="DSC-RX10 v1.00"/>
          <property name="File/ImageHeight" value="3648"/>
          <property name="File/ImageWidth" value="4864"/>
          <property name="System/FileModifyDate" value="2018:01:08 15:42:40"/>
          <property name="System/FileSize" value="6048589"/>
        </meta>
      </photo>
    </camera>
    <camera camera_id="45">
      <photo path="../../../../../Desktop/Blok hout/DSC06188.JPG">
        <meta>
          <property name="Exif/DateTime" value="2018:01:08 15:42:46"/>
          <property name="Exif/DateTimeOriginal" value="2018:01:08 15:42:46"/>
          <property name="Exif/ExposureTime" value="0.001"/>
          <property name="Exif/FNumber" value="2.8"/>
          <property name="Exif/FocalLength" value="8.8"/>
          <property name="Exif/FocalLengthIn35mmFilm" value="24"/>
          <property name="Exif/ISOSpeedRatings" value="3200"/>
          <property name="Exif/Make" value="SONY"/>
          <property name="Exif/Model" value="DSC-RX10"/>
          <property name="Exif/Orientation" value="1"/>
          <property name="Exif/Software" value="DSC-RX10 v1.00"/>
          <property name="File/ImageHeight" value="3648"/>
          <property name="File/ImageWidth" value="4864"/>
          <property name="System/FileModifyDate" value="2018:01:08 15:42:46"/>
          <property name="System/FileSize" value="5980675"/>
        </meta>
      </photo>
    </camera>
    <camera camera_id="46">
      <photo path="../../../../../Desktop/Blok hout/DSC06189.JPG">
        <meta>
          <property name="Exif/DateTime" value="2018:01:08 15:42:52"/>
          <property name="Exif/DateTimeOriginal" value="2018:01:08 15:42:52"/>
          <property name="Exif/ExposureTime" value="0.001"/>
          <property name="Exif/FNumber" value="2.8"/>
          <property name="Exif/FocalLength" value="8.8"/>
          <property name="Exif/FocalLengthIn35mmFilm" value="24"/>
          <property name="Exif/ISOSpeedRatings" value="3200"/>
          <property name="Exif/Make" value="SONY"/>
          <property name="Exif/Model" value="DSC-RX10"/>
          <property name="Exif/Orientation" value="1"/>
          <property name="Exif/Software" value="DSC-RX10 v1.00"/>
          <property name="File/ImageHeight" value="3648"/>
          <property name="File/ImageWidth" value="4864"/>
          <property name="System/FileModifyDate" value="2018:01:08 15:42:52"/>
          <property name="System/FileSize" value="6116532"/>
        </meta>
      </photo>
    </camera>
    <camera camera_id="47">
      <photo path="../../../../../Desktop/Blok hout/DSC06190.JPG">
        <meta>
          <property name="Exif/DateTime" value="2018:01:08 15:42:57"/>
          <property name="Exif/DateTimeOriginal" value="2018:01:08 15:42:57"/>
          <property name="Exif/ExposureTime" value="0.001"/>
          <property name="Exif/FNumber" value="2.8"/>
          <property name="Exif/FocalLength" value="8.8"/>
          <property name="Exif/FocalLengthIn35mmFilm" value="24"/>
          <property name="Exif/ISOSpeedRatings" value="3200"/>
          <property name="Exif/Make" value="SONY"/>
          <property name="Exif/Model" value="DSC-RX10"/>
          <property name="Exif/Orientation" value="1"/>
          <property name="Exif/Software" value="DSC-RX10 v1.00"/>
          <property name="File/ImageHeight" value="3648"/>
          <property name="File/ImageWidth" value="4864"/>
          <property name="System/FileModifyDate" value="2018:01:08 15:42:56"/>
          <property name="System/FileSize" value="6094943"/>
        </meta>
      </photo>
    </camera>
    <camera camera_id="48">
      <photo path="../../../../../Desktop/Blok hout/DSC06191.JPG">
        <meta>
          <property name="Exif/DateTime" value="2018:01:08 15:43:03"/>
          <property name="Exif/DateTimeOriginal" value="2018:01:08 15:43:03"/>
          <property name="Exif/ExposureTime" value="0.001"/>
          <property name="Exif/FNumber" value="2.8"/>
          <property name="Exif/FocalLength" value="8.8"/>
          <property name="Exif/FocalLengthIn35mmFilm" value="24"/>
          <property name="Exif/ISOSpeedRatings" value="3200"/>
          <property name="Exif/Make" value="SONY"/>
          <property name="Exif/Model" value="DSC-RX10"/>
          <property name="Exif/Orientation" value="1"/>
          <property name="Exif/Software" value="DSC-RX10 v1.00"/>
          <property name="File/ImageHeight" value="3648"/>
          <property name="File/ImageWidth" value="4864"/>
          <property name="System/FileModifyDate" value="2018:01:08 15:43:02"/>
          <property name="System/FileSize" value="6139847"/>
        </meta>
      </photo>
    </camera>
    <camera camera_id="49">
      <photo path="../../../../../Desktop/Blok hout/DSC06192.JPG">
        <meta>
          <property name="Exif/DateTime" value="2018:01:08 15:43:09"/>
          <property name="Exif/DateTimeOriginal" value="2018:01:08 15:43:09"/>
          <property name="Exif/ExposureTime" value="0.001"/>
          <property name="Exif/FNumber" value="2.8"/>
          <property name="Exif/FocalLength" value="8.8"/>
          <property name="Exif/FocalLengthIn35mmFilm" value="24"/>
          <property name="Exif/ISOSpeedRatings" value="3200"/>
          <property name="Exif/Make" value="SONY"/>
          <property name="Exif/Model" value="DSC-RX10"/>
          <property name="Exif/Orientation" value="1"/>
          <property name="Exif/Software" value="DSC-RX10 v1.00"/>
          <property name="File/ImageHeight" value="3648"/>
          <property name="File/ImageWidth" value="4864"/>
          <property name="System/FileModifyDate" value="2018:01:08 15:43:08"/>
          <property name="System/FileSize" value="6308928"/>
        </meta>
      </photo>
    </camera>
    <camera camera_id="50">
      <photo path="../../../../../Desktop/Blok hout/DSC06193.JPG">
        <meta>
          <property name="Exif/DateTime" value="2018:01:08 15:43:15"/>
          <property name="Exif/DateTimeOriginal" value="2018:01:08 15:43:15"/>
          <property name="Exif/ExposureTime" value="0.001"/>
          <property name="Exif/FNumber" value="2.8"/>
          <property name="Exif/FocalLength" value="8.8"/>
          <property name="Exif/FocalLengthIn35mmFilm" value="24"/>
          <property name="Exif/ISOSpeedRatings" value="3200"/>
          <property name="Exif/Make" value="SONY"/>
          <property name="Exif/Model" value="DSC-RX10"/>
          <property name="Exif/Orientation" value="1"/>
          <property name="Exif/Software" value="DSC-RX10 v1.00"/>
          <property name="File/ImageHeight" value="3648"/>
          <property name="File/ImageWidth" value="4864"/>
          <property name="System/FileModifyDate" value="2018:01:08 15:43:14"/>
          <property name="System/FileSize" value="6218512"/>
        </meta>
      </photo>
    </camera>
    <camera camera_id="51">
      <photo path="../../../../../Desktop/Blok hout/DSC06194.JPG">
        <meta>
          <property name="Exif/DateTime" value="2018:01:08 15:43:21"/>
          <property name="Exif/DateTimeOriginal" value="2018:01:08 15:43:21"/>
          <property name="Exif/ExposureTime" value="0.001"/>
          <property name="Exif/FNumber" value="2.8"/>
          <property name="Exif/FocalLength" value="8.8"/>
          <property name="Exif/FocalLengthIn35mmFilm" value="24"/>
          <property name="Exif/ISOSpeedRatings" value="3200"/>
          <property name="Exif/Make" value="SONY"/>
          <property name="Exif/Model" value="DSC-RX10"/>
          <property name="Exif/Orientation" value="1"/>
          <property name="Exif/Software" value="DSC-RX10 v1.00"/>
          <property name="File/ImageHeight" value="3648"/>
          <property name="File/ImageWidth" value="4864"/>
          <property name="System/FileModifyDate" value="2018:01:08 15:43:20"/>
          <property name="System/FileSize" value="6347915"/>
        </meta>
      </photo>
    </camera>
    <camera camera_id="52">
      <photo path="../../../../../Desktop/Blok hout/DSC06195.JPG">
        <meta>
          <property name="Exif/DateTime" value="2018:01:08 15:43:28"/>
          <property name="Exif/DateTimeOriginal" value="2018:01:08 15:43:28"/>
          <property name="Exif/ExposureTime" value="0.0008"/>
          <property name="Exif/FNumber" value="2.8"/>
          <property name="Exif/FocalLength" value="8.8"/>
          <property name="Exif/FocalLengthIn35mmFilm" value="24"/>
          <property name="Exif/ISOSpeedRatings" value="3200"/>
          <property name="Exif/Make" value="SONY"/>
          <property name="Exif/Model" value="DSC-RX10"/>
          <property name="Exif/Orientation" value="1"/>
          <property name="Exif/Software" value="DSC-RX10 v1.00"/>
          <property name="File/ImageHeight" value="3648"/>
          <property name="File/ImageWidth" value="4864"/>
          <property name="System/FileModifyDate" value="2018:01:08 15:43:28"/>
          <property name="System/FileSize" value="6032333"/>
        </meta>
      </photo>
    </camera>
    <camera camera_id="53">
      <photo path="../../../../../Desktop/Blok hout/DSC06196.JPG">
        <meta>
          <property name="Exif/DateTime" value="2018:01:08 15:43:34"/>
          <property name="Exif/DateTimeOriginal" value="2018:01:08 15:43:34"/>
          <property name="Exif/ExposureTime" value="0.0008"/>
          <property name="Exif/FNumber" value="2.8"/>
          <property name="Exif/FocalLength" value="8.8"/>
          <property name="Exif/FocalLengthIn35mmFilm" value="24"/>
          <property name="Exif/ISOSpeedRatings" value="3200"/>
          <property name="Exif/Make" value="SONY"/>
          <property name="Exif/Model" value="DSC-RX10"/>
          <property name="Exif/Orientation" value="1"/>
          <property name="Exif/Software" value="DSC-RX10 v1.00"/>
          <property name="File/ImageHeight" value="3648"/>
          <property name="File/ImageWidth" value="4864"/>
          <property name="System/FileModifyDate" value="2018:01:08 15:43:34"/>
          <property name="System/FileSize" value="5847528"/>
        </meta>
      </photo>
    </camera>
    <camera camera_id="54">
      <photo path="../../../../../Desktop/Blok hout/DSC06197.JPG">
        <meta>
          <property name="Exif/DateTime" value="2018:01:08 15:43:39"/>
          <property name="Exif/DateTimeOriginal" value="2018:01:08 15:43:39"/>
          <property name="Exif/ExposureTime" value="0.0008"/>
          <property name="Exif/FNumber" value="2.8"/>
          <property name="Exif/FocalLength" value="8.8"/>
          <property name="Exif/FocalLengthIn35mmFilm" value="24"/>
          <property name="Exif/ISOSpeedRatings" value="3200"/>
          <property name="Exif/Make" value="SONY"/>
          <property name="Exif/Model" value="DSC-RX10"/>
          <property name="Exif/Orientation" value="1"/>
          <property name="Exif/Software" value="DSC-RX10 v1.00"/>
          <property name="File/ImageHeight" value="3648"/>
          <property name="File/ImageWidth" value="4864"/>
          <property name="System/FileModifyDate" value="2018:01:08 15:43:38"/>
          <property name="System/FileSize" value="5900020"/>
        </meta>
      </photo>
    </camera>
    <camera camera_id="55">
      <photo path="../../../../../Desktop/Blok hout/DSC06198.JPG">
        <meta>
          <property name="Exif/DateTime" value="2018:01:08 15:43:44"/>
          <property name="Exif/DateTimeOriginal" value="2018:01:08 15:43:44"/>
          <property name="Exif/ExposureTime" value="0.001"/>
          <property name="Exif/FNumber" value="2.8"/>
          <property name="Exif/FocalLength" value="8.8"/>
          <property name="Exif/FocalLengthIn35mmFilm" value="24"/>
          <property name="Exif/ISOSpeedRatings" value="3200"/>
          <property name="Exif/Make" value="SONY"/>
          <property name="Exif/Model" value="DSC-RX10"/>
          <property name="Exif/Orientation" value="1"/>
          <property name="Exif/Software" value="DSC-RX10 v1.00"/>
          <property name="File/ImageHeight" value="3648"/>
          <property name="File/ImageWidth" value="4864"/>
          <property name="System/FileModifyDate" value="2018:01:08 15:43:44"/>
          <property name="System/FileSize" value="6114144"/>
        </meta>
      </photo>
    </camera>
    <camera camera_id="56">
      <photo path="../../../../../Desktop/Blok hout/DSC06199.JPG">
        <meta>
          <property name="Exif/DateTime" value="2018:01:08 15:44:36"/>
          <property name="Exif/DateTimeOriginal" value="2018:01:08 15:44:36"/>
          <property name="Exif/ExposureTime" value="0.000625"/>
          <property name="Exif/FNumber" value="2.8"/>
          <property name="Exif/FocalLength" value="8.8"/>
          <property name="Exif/FocalLengthIn35mmFilm" value="24"/>
          <property name="Exif/ISOSpeedRatings" value="3200"/>
          <property name="Exif/Make" value="SONY"/>
          <property name="Exif/Model" value="DSC-RX10"/>
          <property name="Exif/Orientation" value="1"/>
          <property name="Exif/Software" value="DSC-RX10 v1.00"/>
          <property name="File/ImageHeight" value="3648"/>
          <property name="File/ImageWidth" value="4864"/>
          <property name="System/FileModifyDate" value="2018:01:08 15:44:36"/>
          <property name="System/FileSize" value="6328450"/>
        </meta>
      </photo>
    </camera>
    <camera camera_id="57">
      <photo path="../../../../../Desktop/Blok hout/DSC06200.JPG">
        <meta>
          <property name="Exif/DateTime" value="2018:01:08 15:44:42"/>
          <property name="Exif/DateTimeOriginal" value="2018:01:08 15:44:42"/>
          <property name="Exif/ExposureTime" value="0.000625"/>
          <property name="Exif/FNumber" value="2.8"/>
          <property name="Exif/FocalLength" value="8.8"/>
          <property name="Exif/FocalLengthIn35mmFilm" value="24"/>
          <property name="Exif/ISOSpeedRatings" value="3200"/>
          <property name="Exif/Make" value="SONY"/>
          <property name="Exif/Model" value="DSC-RX10"/>
          <property name="Exif/Orientation" value="1"/>
          <property name="Exif/Software" value="DSC-RX10 v1.00"/>
          <property name="File/ImageHeight" value="3648"/>
          <property name="File/ImageWidth" value="4864"/>
          <property name="System/FileModifyDate" value="2018:01:08 15:44:42"/>
          <property name="System/FileSize" value="6107406"/>
        </meta>
      </photo>
    </camera>
    <camera camera_id="58">
      <photo path="../../../../../Desktop/Blok hout/DSC06201.JPG">
        <meta>
          <property name="Exif/DateTime" value="2018:01:08 15:44:47"/>
          <property name="Exif/DateTimeOriginal" value="2018:01:08 15:44:47"/>
          <property name="Exif/ExposureTime" value="0.0008"/>
          <property name="Exif/FNumber" value="2.8"/>
          <property name="Exif/FocalLength" value="8.8"/>
          <property name="Exif/FocalLengthIn35mmFilm" value="24"/>
          <property name="Exif/ISOSpeedRatings" value="3200"/>
          <property name="Exif/Make" value="SONY"/>
          <property name="Exif/Model" value="DSC-RX10"/>
          <property name="Exif/Orientation" value="1"/>
          <property name="Exif/Software" value="DSC-RX10 v1.00"/>
          <property name="File/ImageHeight" value="3648"/>
          <property name="File/ImageWidth" value="4864"/>
          <property name="System/FileModifyDate" value="2018:01:08 15:44:46"/>
          <property name="System/FileSize" value="6551323"/>
        </meta>
      </photo>
    </camera>
    <camera camera_id="59">
      <photo path="../../../../../Desktop/Blok hout/DSC06202.JPG">
        <meta>
          <property name="Exif/DateTime" value="2018:01:08 15:44:53"/>
          <property name="Exif/DateTimeOriginal" value="2018:01:08 15:44:53"/>
          <property name="Exif/ExposureTime" value="0.0008"/>
          <property name="Exif/FNumber" value="2.8"/>
          <property name="Exif/FocalLength" value="8.8"/>
          <property name="Exif/FocalLengthIn35mmFilm" value="24"/>
          <property name="Exif/ISOSpeedRatings" value="3200"/>
          <property name="Exif/Make" value="SONY"/>
          <property name="Exif/Model" value="DSC-RX10"/>
          <property name="Exif/Orientation" value="1"/>
          <property name="Exif/Software" value="DSC-RX10 v1.00"/>
          <property name="File/ImageHeight" value="3648"/>
          <property name="File/ImageWidth" value="4864"/>
          <property name="System/FileModifyDate" value="2018:01:08 15:44:52"/>
          <property name="System/FileSize" value="6495845"/>
        </meta>
      </photo>
    </camera>
    <camera camera_id="60">
      <photo path="../../../../../Desktop/Blok hout/DSC06203.JPG">
        <meta>
          <property name="Exif/DateTime" value="2018:01:08 15:44:58"/>
          <property name="Exif/DateTimeOriginal" value="2018:01:08 15:44:58"/>
          <property name="Exif/ExposureTime" value="0.0008"/>
          <property name="Exif/FNumber" value="2.8"/>
          <property name="Exif/FocalLength" value="8.8"/>
          <property name="Exif/FocalLengthIn35mmFilm" value="24"/>
          <property name="Exif/ISOSpeedRatings" value="3200"/>
          <property name="Exif/Make" value="SONY"/>
          <property name="Exif/Model" value="DSC-RX10"/>
          <property name="Exif/Orientation" value="1"/>
          <property name="Exif/Software" value="DSC-RX10 v1.00"/>
          <property name="File/ImageHeight" value="3648"/>
          <property name="File/ImageWidth" value="4864"/>
          <property name="System/FileModifyDate" value="2018:01:08 15:44:58"/>
          <property name="System/FileSize" value="6000653"/>
        </meta>
      </photo>
    </camera>
    <camera camera_id="61">
      <photo path="../../../../../Desktop/Blok hout/DSC06204.JPG">
        <meta>
          <property name="Exif/DateTime" value="2018:01:08 15:45:02"/>
          <property name="Exif/DateTimeOriginal" value="2018:01:08 15:45:02"/>
          <property name="Exif/ExposureTime" value="0.0008"/>
          <property name="Exif/FNumber" value="2.8"/>
          <property name="Exif/FocalLength" value="8.8"/>
          <property name="Exif/FocalLengthIn35mmFilm" value="24"/>
          <property name="Exif/ISOSpeedRatings" value="3200"/>
          <property name="Exif/Make" value="SONY"/>
          <property name="Exif/Model" value="DSC-RX10"/>
          <property name="Exif/Orientation" value="1"/>
          <property name="Exif/Software" value="DSC-RX10 v1.00"/>
          <property name="File/ImageHeight" value="3648"/>
          <property name="File/ImageWidth" value="4864"/>
          <property name="System/FileModifyDate" value="2018:01:08 15:45:02"/>
          <property name="System/FileSize" value="5951395"/>
        </meta>
      </photo>
    </camera>
    <camera camera_id="62">
      <photo path="../../../../../Desktop/Blok hout/DSC06205.JPG">
        <meta>
          <property name="Exif/DateTime" value="2018:01:08 15:45:09"/>
          <property name="Exif/DateTimeOriginal" value="2018:01:08 15:45:09"/>
          <property name="Exif/ExposureTime" value="0.0008"/>
          <property name="Exif/FNumber" value="2.8"/>
          <property name="Exif/FocalLength" value="8.8"/>
          <property name="Exif/FocalLengthIn35mmFilm" value="24"/>
          <property name="Exif/ISOSpeedRatings" value="3200"/>
          <property name="Exif/Make" value="SONY"/>
          <property name="Exif/Model" value="DSC-RX10"/>
          <property name="Exif/Orientation" value="1"/>
          <property name="Exif/Software" value="DSC-RX10 v1.00"/>
          <property name="File/ImageHeight" value="3648"/>
          <property name="File/ImageWidth" value="4864"/>
          <property name="System/FileModifyDate" value="2018:01:08 15:45:08"/>
          <property name="System/FileSize" value="6227619"/>
        </meta>
      </photo>
    </camera>
    <camera camera_id="63">
      <photo path="../../../../../Desktop/Blok hout/DSC06206.JPG">
        <meta>
          <property name="Exif/DateTime" value="2018:01:08 15:45:16"/>
          <property name="Exif/DateTimeOriginal" value="2018:01:08 15:45:16"/>
          <property name="Exif/ExposureTime" value="0.0008"/>
          <property name="Exif/FNumber" value="2.8"/>
          <property name="Exif/FocalLength" value="8.8"/>
          <property name="Exif/FocalLengthIn35mmFilm" value="24"/>
          <property name="Exif/ISOSpeedRatings" value="3200"/>
          <property name="Exif/Make" value="SONY"/>
          <property name="Exif/Model" value="DSC-RX10"/>
          <property name="Exif/Orientation" value="1"/>
          <property name="Exif/Software" value="DSC-RX10 v1.00"/>
          <property name="File/ImageHeight" value="3648"/>
          <property name="File/ImageWidth" value="4864"/>
          <property name="System/FileModifyDate" value="2018:01:08 15:45:16"/>
          <property name="System/FileSize" value="6250322"/>
        </meta>
      </photo>
    </camera>
    <camera camera_id="64">
      <photo path="../../../../../Desktop/Blok hout/DSC06207.JPG">
        <meta>
          <property name="Exif/DateTime" value="2018:01:08 15:45:22"/>
          <property name="Exif/DateTimeOriginal" value="2018:01:08 15:45:22"/>
          <property name="Exif/ExposureTime" value="0.0008"/>
          <property name="Exif/FNumber" value="2.8"/>
          <property name="Exif/FocalLength" value="8.8"/>
          <property name="Exif/FocalLengthIn35mmFilm" value="24"/>
          <property name="Exif/ISOSpeedRatings" value="3200"/>
          <property name="Exif/Make" value="SONY"/>
          <property name="Exif/Model" value="DSC-RX10"/>
          <property name="Exif/Orientation" value="1"/>
          <property name="Exif/Software" value="DSC-RX10 v1.00"/>
          <property name="File/ImageHeight" value="3648"/>
          <property name="File/ImageWidth" value="4864"/>
          <property name="System/FileModifyDate" value="2018:01:08 15:45:22"/>
          <property name="System/FileSize" value="6227853"/>
        </meta>
      </photo>
    </camera>
    <camera camera_id="65">
      <photo path="../../../../../Desktop/Blok hout/DSC06208.JPG">
        <meta>
          <property name="Exif/DateTime" value="2018:01:08 15:45:27"/>
          <property name="Exif/DateTimeOriginal" value="2018:01:08 15:45:27"/>
          <property name="Exif/ExposureTime" value="0.0008"/>
          <property name="Exif/FNumber" value="2.8"/>
          <property name="Exif/FocalLength" value="8.8"/>
          <property name="Exif/FocalLengthIn35mmFilm" value="24"/>
          <property name="Exif/ISOSpeedRatings" value="3200"/>
          <property name="Exif/Make" value="SONY"/>
          <property name="Exif/Model" value="DSC-RX10"/>
          <property name="Exif/Orientation" value="1"/>
          <property name="Exif/Software" value="DSC-RX10 v1.00"/>
          <property name="File/ImageHeight" value="3648"/>
          <property name="File/ImageWidth" value="4864"/>
          <property name="System/FileModifyDate" value="2018:01:08 15:45:26"/>
          <property name="System/FileSize" value="6307230"/>
        </meta>
      </photo>
    </camera>
    <camera camera_id="66">
      <photo path="../../../../../Desktop/Blok hout/DSC06209.JPG">
        <meta>
          <property name="Exif/DateTime" value="2018:01:08 15:45:32"/>
          <property name="Exif/DateTimeOriginal" value="2018:01:08 15:45:32"/>
          <property name="Exif/ExposureTime" value="0.0008"/>
          <property name="Exif/FNumber" value="2.8"/>
          <property name="Exif/FocalLength" value="8.8"/>
          <property name="Exif/FocalLengthIn35mmFilm" value="24"/>
          <property name="Exif/ISOSpeedRatings" value="3200"/>
          <property name="Exif/Make" value="SONY"/>
          <property name="Exif/Model" value="DSC-RX10"/>
          <property name="Exif/Orientation" value="1"/>
          <property name="Exif/Software" value="DSC-RX10 v1.00"/>
          <property name="File/ImageHeight" value="3648"/>
          <property name="File/ImageWidth" value="4864"/>
          <property name="System/FileModifyDate" value="2018:01:08 15:45:32"/>
          <property name="System/FileSize" value="6359803"/>
        </meta>
      </photo>
    </camera>
    <camera camera_id="67">
      <photo path="../../../../../Desktop/Blok hout/DSC06210.JPG">
        <meta>
          <property name="Exif/DateTime" value="2018:01:08 15:45:38"/>
          <property name="Exif/DateTimeOriginal" value="2018:01:08 15:45:38"/>
          <property name="Exif/ExposureTime" value="0.0008"/>
          <property name="Exif/FNumber" value="2.8"/>
          <property name="Exif/FocalLength" value="8.8"/>
          <property name="Exif/FocalLengthIn35mmFilm" value="24"/>
          <property name="Exif/ISOSpeedRatings" value="3200"/>
          <property name="Exif/Make" value="SONY"/>
          <property name="Exif/Model" value="DSC-RX10"/>
          <property name="Exif/Orientation" value="1"/>
          <property name="Exif/Software" value="DSC-RX10 v1.00"/>
          <property name="File/ImageHeight" value="3648"/>
          <property name="File/ImageWidth" value="4864"/>
          <property name="System/FileModifyDate" value="2018:01:08 15:45:38"/>
          <property name="System/FileSize" value="6746272"/>
        </meta>
      </photo>
    </camera>
    <camera camera_id="68">
      <photo path="../../../../../Desktop/Blok hout/DSC06211.JPG">
        <meta>
          <property name="Exif/DateTime" value="2018:01:08 15:45:42"/>
          <property name="Exif/DateTimeOriginal" value="2018:01:08 15:45:42"/>
          <property name="Exif/ExposureTime" value="0.000625"/>
          <property name="Exif/FNumber" value="2.8"/>
          <property name="Exif/FocalLength" value="8.8"/>
          <property name="Exif/FocalLengthIn35mmFilm" value="24"/>
          <property name="Exif/ISOSpeedRatings" value="3200"/>
          <property name="Exif/Make" value="SONY"/>
          <property name="Exif/Model" value="DSC-RX10"/>
          <property name="Exif/Orientation" value="1"/>
          <property name="Exif/Software" value="DSC-RX10 v1.00"/>
          <property name="File/ImageHeight" value="3648"/>
          <property name="File/ImageWidth" value="4864"/>
          <property name="System/FileModifyDate" value="2018:01:08 15:45:42"/>
          <property name="System/FileSize" value="6669205"/>
        </meta>
      </photo>
    </camera>
  </cameras>
  <thumbnails path="thumbnails/thumbnails.zip"/>
  <point_cloud path="point_cloud/point_cloud.zip"/>
  <dense_cloud path="dense_cloud/dense_cloud.zip"/>
  <model path="model.1/model.zip"/>
</frame>
