<?xml version="1.0" encoding="UTF-8"?>
<model version="1.2.0">
  <mesh path="mesh.ply">
    <faceCount>8643</faceCount>
    <vertexCount>4353</vertexCount>
    <hasVertexColors>true</hasVertexColors>
    <hasUV>true</hasUV>
  </mesh>
  <texture path="texture.png"/>
  <meta>
    <property name="atlas/atlas_blend_mode" value="3"/>
    <property name="atlas/atlas_count" value="1"/>
    <property name="atlas/atlas_height" value="4048"/>
    <property name="atlas/atlas_mapping_mode" value="1"/>
    <property name="atlas/atlas_width" value="4048"/>
    <property name="atlas/duration_blend" value="40.96"/>
    <property name="atlas/duration_uv" value="2.886"/>
    <property name="model/duration" value="0.954"/>
    <property name="model/mesh_face_count" value="10000"/>
    <property name="model/mesh_interpolation" value="1"/>
    <property name="model/mesh_object_type" value="0"/>
    <property name="model/mesh_source_data" value="0"/>
    <property name="model/resolution" value="0.0287028316663212"/>
  </meta>
</model>
