<?xml version="1.0" encoding="UTF-8"?>
<point_cloud version="1.2.0">
  <tracks path="tracks.ply" count="18775"/>
  <points path="points.ply" count="11097"/>
  <projections camera_id="0" path="p0.ply" count="1101"/>
  <projections camera_id="1" path="p1.ply" count="1097"/>
  <projections camera_id="2" path="p2.ply" count="1147"/>
  <projections camera_id="3" path="p3.ply" count="1162"/>
  <projections camera_id="4" path="p4.ply" count="1063"/>
  <projections camera_id="5" path="p5.ply" count="1106"/>
  <projections camera_id="6" path="p6.ply" count="1062"/>
  <projections camera_id="7" path="p7.ply" count="1112"/>
  <projections camera_id="8" path="p8.ply" count="1070"/>
  <projections camera_id="9" path="p9.ply" count="1097"/>
  <projections camera_id="10" path="p10.ply" count="1108"/>
  <projections camera_id="11" path="p11.ply" count="1092"/>
  <projections camera_id="12" path="p12.ply" count="1046"/>
  <projections camera_id="13" path="p13.ply" count="1020"/>
  <projections camera_id="14" path="p14.ply" count="1017"/>
  <projections camera_id="15" path="p15.ply" count="1025"/>
  <projections camera_id="16" path="p16.ply" count="1051"/>
  <projections camera_id="17" path="p17.ply" count="1139"/>
  <projections camera_id="18" path="p18.ply" count="1017"/>
  <projections camera_id="19" path="p19.ply" count="1072"/>
  <projections camera_id="20" path="p20.ply" count="1118"/>
  <projections camera_id="21" path="p21.ply" count="965"/>
  <projections camera_id="22" path="p22.ply" count="953"/>
  <projections camera_id="23" path="p23.ply" count="1044"/>
  <projections camera_id="24" path="p24.ply" count="1009"/>
  <projections camera_id="25" path="p25.ply" count="997"/>
  <projections camera_id="26" path="p26.ply" count="1019"/>
  <projections camera_id="27" path="p27.ply" count="1093"/>
  <projections camera_id="28" path="p28.ply" count="1007"/>
  <projections camera_id="29" path="p29.ply" count="1040"/>
  <projections camera_id="30" path="p30.ply" count="1009"/>
  <projections camera_id="31" path="p31.ply" count="1022"/>
  <projections camera_id="32" path="p32.ply" count="970"/>
  <projections camera_id="33" path="p33.ply" count="954"/>
  <projections camera_id="34" path="p34.ply" count="970"/>
  <projections camera_id="35" path="p35.ply" count="974"/>
  <projections camera_id="36" path="p36.ply" count="1075"/>
  <projections camera_id="37" path="p37.ply" count="1033"/>
  <projections camera_id="38" path="p38.ply" count="1056"/>
  <projections camera_id="39" path="p39.ply" count="1041"/>
  <projections camera_id="40" path="p40.ply" count="1204"/>
  <projections camera_id="41" path="p41.ply" count="1133"/>
  <projections camera_id="42" path="p42.ply" count="1071"/>
  <projections camera_id="43" path="p43.ply" count="1058"/>
  <projections camera_id="44" path="p44.ply" count="1125"/>
  <projections camera_id="45" path="p45.ply" count="1040"/>
  <projections camera_id="46" path="p46.ply" count="1079"/>
  <projections camera_id="47" path="p47.ply" count="1046"/>
  <projections camera_id="48" path="p48.ply" count="1051"/>
  <projections camera_id="49" path="p49.ply" count="1008"/>
  <projections camera_id="50" path="p50.ply" count="1025"/>
  <projections camera_id="51" path="p51.ply" count="1002"/>
  <projections camera_id="52" path="p52.ply" count="1024"/>
  <projections camera_id="53" path="p53.ply" count="993"/>
  <projections camera_id="54" path="p54.ply" count="1045"/>
  <projections camera_id="55" path="p55.ply" count="970"/>
  <projections camera_id="56" path="p56.ply" count="999"/>
  <projections camera_id="57" path="p57.ply" count="1031"/>
  <projections camera_id="58" path="p58.ply" count="1024"/>
  <projections camera_id="59" path="p59.ply" count="1002"/>
  <projections camera_id="60" path="p60.ply" count="1016"/>
  <projections camera_id="61" path="p61.ply" count="979"/>
  <projections camera_id="62" path="p62.ply" count="1012"/>
  <projections camera_id="63" path="p63.ply" count="1012"/>
  <projections camera_id="64" path="p64.ply" count="1003"/>
  <projections camera_id="65" path="p65.ply" count="1037"/>
  <projections camera_id="66" path="p66.ply" count="1031"/>
  <projections camera_id="67" path="p67.ply" count="969"/>
  <projections camera_id="68" path="p68.ply" count="992"/>
  <meta>
    <property name="match/duration" value="280.863"/>
    <property name="match/match_downscale" value="2"/>
    <property name="match/match_filter_mask" value="false"/>
    <property name="match/match_point_limit" value="40000"/>
    <property name="match/match_select_pairs" value="0"/>
    <property name="match/match_tiepoint_limit" value="1000"/>
  </meta>
</point_cloud>
