<?xml version="1.0" encoding="UTF-8"?>
<model version="1.2.0">
  <mesh path="mesh.ply">
    <faceCount>14896</faceCount>
    <vertexCount>7536</vertexCount>
    <hasVertexColors>true</hasVertexColors>
    <hasUV>true</hasUV>
  </mesh>
  <texture path="texture.png"/>
  <meta>
    <property name="atlas/atlas_blend_mode" value="3"/>
    <property name="atlas/atlas_count" value="1"/>
    <property name="atlas/atlas_height" value="4048"/>
    <property name="atlas/atlas_mapping_mode" value="1"/>
    <property name="atlas/atlas_width" value="4048"/>
    <property name="atlas/duration_blend" value="24.592"/>
    <property name="atlas/duration_uv" value="1.354"/>
    <property name="model/depth_downscale" value="8"/>
    <property name="model/depth_filter_mode" value="2"/>
    <property name="model/duration" value="21.222"/>
    <property name="model/mesh_face_count" value="20000"/>
    <property name="model/mesh_interpolation" value="1"/>
    <property name="model/mesh_object_type" value="0"/>
    <property name="model/mesh_source_data" value="1"/>
    <property name="model/resolution" value="0.0259672561844936"/>
  </meta>
</model>
