<?xml version="1.0" encoding="UTF-8"?>
<chunk label="Chunk 1" enabled="true">
  <sensors next_id="5">
    <sensor id="0" label="DSC-RX10 (8.8 mm)" type="frame">
      <resolution width="4864" height="3648"/>
      <property name="pixel_width" value="0.0026092805282963085"/>
      <property name="pixel_height" value="0.0026092805282963085"/>
      <property name="focal_length" value="8.8000000000000007"/>
      <property name="fixed" value="false"/>
      <bands>
        <band label="Red"/>
        <band label="Green"/>
        <band label="Blue"/>
      </bands>
      <calibration type="frame" class="adjusted">
        <resolution width="4864" height="3648"/>
        <fx>3733.4524867195701</fx>
        <fy>3733.4524867195701</fy>
        <cx>2434.2012517402663</cx>
        <cy>1795.1495718349713</cy>
        <k1>-0.016053566573838485</k1>
        <k2>0.036670750716809843</k2>
        <k3>-0.05699426454661053</k3>
        <p1>-0.0017814663984379437</p1>
        <p2>0.0012582475324951069</p2>
      </calibration>
    </sensor>
    <sensor id="1" label="DSC-RX10 (8.83 mm)" type="frame">
      <resolution width="4864" height="3648"/>
      <property name="pixel_width" value="0.002618175802824591"/>
      <property name="pixel_height" value="0.002618175802824591"/>
      <property name="focal_length" value="8.8300000000000001"/>
      <property name="fixed" value="false"/>
      <bands>
        <band label="Red"/>
        <band label="Green"/>
        <band label="Blue"/>
      </bands>
      <calibration type="frame" class="adjusted">
        <resolution width="4864" height="3648"/>
        <fx>3740.2492907830979</fx>
        <fy>3740.2492907830979</fy>
        <cx>2429.7375103268059</cx>
        <cy>1802.4306534408347</cy>
        <k1>-0.022543000168343558</k1>
        <k2>0.057076256633748185</k2>
        <k3>-0.074513650481597055</k3>
        <p1>-0.0012931294043319198</p1>
        <p2>0.0011640954822824501</p2>
      </calibration>
    </sensor>
    <sensor id="2" label="DSC-RX10 (15.78 mm)" type="frame">
      <resolution width="4864" height="3648"/>
      <property name="pixel_width" value="0.0026114871080242545"/>
      <property name="pixel_height" value="0.0026114871080242545"/>
      <property name="focal_length" value="15.779999999999999"/>
      <property name="fixed" value="false"/>
      <bands>
        <band label="Red"/>
        <band label="Green"/>
        <band label="Blue"/>
      </bands>
      <calibration type="frame" class="adjusted">
        <resolution width="4864" height="3648"/>
        <fx>6596.5825586426154</fx>
        <fy>6596.5825586426154</fy>
        <cx>2325.6932977295905</cx>
        <cy>1753.054035314542</cy>
        <k1>-0.10570230576982198</k1>
        <k2>0.10755889995419719</k2>
        <k3>-0.27139318095420262</k3>
        <p1>0.0036065237053092636</p1>
        <p2>9.0571363791518649e-005</p2>
      </calibration>
    </sensor>
    <sensor id="3" label="DSC-RX10 (11.35 mm)" type="frame">
      <resolution width="4864" height="3648"/>
      <property name="pixel_width" value="0.0026054546037680144"/>
      <property name="pixel_height" value="0.0026054546037680144"/>
      <property name="focal_length" value="11.35"/>
      <property name="fixed" value="false"/>
      <bands>
        <band label="Red"/>
        <band label="Green"/>
        <band label="Blue"/>
      </bands>
      <calibration type="frame" class="adjusted">
        <resolution width="4864" height="3648"/>
        <fx>4789.8903667395571</fx>
        <fy>4789.8903667395571</fy>
        <cx>2558.4379711988245</cx>
        <cy>1618.5390395655936</cy>
        <k1>-0.0018263618569547006</k1>
        <k2>-0.35242534567781031</k2>
        <k3>0.60047909459307569</k3>
        <p1>-0.0072198402122565395</p1>
        <p2>0.0089268560642264058</p2>
      </calibration>
    </sensor>
    <sensor id="4" label="DSC-RX10 (16.76 mm)" type="frame">
      <resolution width="4864" height="3648"/>
      <property name="pixel_width" value="0.0025927791494612328"/>
      <property name="pixel_height" value="0.0025927791494612328"/>
      <property name="focal_length" value="16.760000000000002"/>
      <property name="fixed" value="false"/>
      <bands>
        <band label="Red"/>
        <band label="Green"/>
        <band label="Blue"/>
      </bands>
      <calibration type="frame" class="adjusted">
        <resolution width="4864" height="3648"/>
        <fx>7086.7274915982416</fx>
        <fy>7086.7274915982416</fy>
        <cx>2461.267588806596</cx>
        <cy>1784.2755198104317</cy>
        <k1>-0.053434711000493559</k1>
        <k2>-0.3478019424215622</k2>
        <k3>0.66436996725311481</k3>
        <p1>-0.0018808226473513939</p1>
        <p2>0.0033163068848037951</p2>
      </calibration>
    </sensor>
  </sensors>
  <cameras next_id="128" next_group_id="0">
    <camera id="0" label="DSC05315.JPG" sensor_id="0" enabled="true">
      <transform>5.4376867801988993e-001 3.2076510142589693e-002 8.3862191856734447e-001 -6.0873045743101768e+000 9.4636076402370983e-003 9.9897140708461118e-001 -4.4346002726556248e-002 -5.5932847823909038e-001 -8.3918178300945789e-001 3.2050356073910137e-002 5.4290580190361071e-001 3.3660056544531752e-001 0.0000000000000000e+000 0.0000000000000000e+000 0.0000000000000000e+000 1.0000000000000000e+000</transform>
      <orientation>1</orientation>
    </camera>
    <camera id="1" label="DSC05316.JPG" sensor_id="0" enabled="true">
      <transform>7.6854937960012293e-001 1.5562566031621136e-002 6.3960117077345746e-001 -4.9869356773802309e+000 5.6299696260315247e-003 9.9950090284463944e-001 -3.1084540446347425e-002 -5.3530923799914154e-001 -6.3976570286181800e-001 2.7490939439424010e-002 7.6807818201694933e-001 -1.6032275710061492e+000 0.0000000000000000e+000 0.0000000000000000e+000 0.0000000000000000e+000 1.0000000000000000e+000</transform>
      <orientation>1</orientation>
    </camera>
    <camera id="2" label="DSC05317.JPG" sensor_id="0" enabled="true">
      <transform>9.0419780119810833e-001 1.6927333168036025e-002 4.2677839882112650e-001 -2.9444690616249893e+000 -5.3242016710406924e-003 9.9958341445407239e-001 -2.8366360797681383e-002 -5.6703425168873289e-001 -4.2708077594885058e-001 2.3376546797088209e-002 9.0391124999900918e-001 -2.6492215062532338e+000 0.0000000000000000e+000 0.0000000000000000e+000 0.0000000000000000e+000 1.0000000000000000e+000</transform>
      <orientation>1</orientation>
    </camera>
    <camera id="3" label="DSC05318.JPG" sensor_id="0" enabled="true">
      <transform>9.9992885232282058e-001 1.1746704167889303e-002 -2.0749056747329932e-003 -2.5586560132985514e-001 -1.1809048572448185e-002 9.9938068374665634e-001 -3.3148081782801195e-002 -6.0585333445079981e-001 1.6842399414889095e-003 3.3170226035675571e-002 9.9944829753247455e-001 -2.7014439841344351e+000 0.0000000000000000e+000 0.0000000000000000e+000 0.0000000000000000e+000 1.0000000000000000e+000</transform>
      <orientation>1</orientation>
    </camera>
    <camera id="4" label="DSC05319.JPG" sensor_id="0" enabled="true">
      <transform>9.0284452191169584e-001 2.9154191884189253e-003 -4.2995728809382583e-001 2.1084266016400122e+000 -1.5604306020942194e-002 9.9954043177094687e-001 -2.5989053248510943e-002 -6.6846260541753821e-001 4.2968392439983849e-001 3.0173259454439934e-002 9.0247509634684597e-001 -1.2091662258271976e+000 0.0000000000000000e+000 0.0000000000000000e+000 0.0000000000000000e+000 1.0000000000000000e+000</transform>
      <orientation>1</orientation>
    </camera>
    <camera id="5" label="DSC05320.JPG" sensor_id="0" enabled="true">
      <transform>7.6749112716877110e-001 -2.1969456894054586e-003 -6.4105580345773872e-001 3.4651024930238088e+000 -1.4898706593071673e-002 9.9966289785541840e-001 -2.1263094628038905e-002 -6.9984807939267157e-001 6.4088641603568308e-001 2.5870138788672493e-002 7.6719967261462774e-001 -6.3952839491650537e-001 0.0000000000000000e+000 0.0000000000000000e+000 0.0000000000000000e+000 1.0000000000000000e+000</transform>
      <orientation>1</orientation>
    </camera>
    <camera id="6" label="DSC05321.JPG" sensor_id="0" enabled="true">
      <transform>4.5402092154722190e-001 -4.1276620855857839e-003 -8.9098146176175774e-001 5.1577983196631934e+000 -1.1818996272102705e-002 9.9987338548449611e-001 -1.0654779532789340e-002 -7.4521311490315589e-001 8.9091262990516151e-001 1.5367999397434329e-002 4.5391465108540952e-001 1.0726865124413854e+000 0.0000000000000000e+000 0.0000000000000000e+000 0.0000000000000000e+000 1.0000000000000000e+000</transform>
      <orientation>1</orientation>
    </camera>
    <camera id="7" label="DSC05323.JPG" sensor_id="0" enabled="true">
      <transform>4.1080876825525955e-002 6.1298471865151990e-003 -9.9913702089989442e-001 5.8940461422214412e+000 -7.4559478017679785e-003 9.9995521884591032e-001 5.8283055174724206e-003 -8.0064454468668023e-001 9.9912800501318322e-001 7.2100815735787567e-003 4.1124740997106161e-002 3.3730544600470047e+000 0.0000000000000000e+000 0.0000000000000000e+000 0.0000000000000000e+000 1.0000000000000000e+000</transform>
      <orientation>1</orientation>
    </camera>
    <camera id="8" label="DSC05324.JPG" sensor_id="0" enabled="true">
      <transform>-4.8802620769595384e-001 -1.1407567137777489e-002 -8.7275442594919150e-001 5.8032489354795871e+000 -1.3036316254097470e-002 9.9989831903433879e-001 -5.7797967807916052e-003 -8.6964214420254105e-001 8.7273161685619538e-001 8.5568104046539421e-003 -4.8812529737278509e-001 6.9293789459629709e+000 0.0000000000000000e+000 0.0000000000000000e+000 0.0000000000000000e+000 1.0000000000000000e+000</transform>
      <orientation>1</orientation>
    </camera>
    <camera id="9" label="DSC05325.JPG" sensor_id="0" enabled="true">
      <transform>-8.3996097192626207e-001 2.3051911478804785e-002 -5.4215696529498036e-001 3.2356584691958115e+000 1.6524730079587258e-002 9.9972053255333215e-001 1.6905327180490967e-002 -8.6447042218016212e-001 5.4239515017788087e-001 5.2408175369889438e-003 -8.4010715679314274e-001 8.4182252742496946e+000 0.0000000000000000e+000 0.0000000000000000e+000 0.0000000000000000e+000 1.0000000000000000e+000</transform>
      <orientation>1</orientation>
    </camera>
    <camera id="10" label="DSC05326.JPG" sensor_id="0" enabled="true">
      <transform>-9.9184720725164510e-001 3.0755123298061834e-002 -1.2366583949512164e-001 7.1853175017127779e-001 2.8566774684686075e-002 9.9940301960017808e-001 1.9430486307907800e-002 -8.6597102287276595e-001 1.2418960041495644e-001 1.5739339406989988e-002 -9.9213366858695251e-001 1.0062159682787939e+001 0.0000000000000000e+000 0.0000000000000000e+000 0.0000000000000000e+000 1.0000000000000000e+000</transform>
      <orientation>1</orientation>
    </camera>
    <camera id="11" label="DSC05327.JPG" sensor_id="0" enabled="true">
      <transform>-9.6081212962566376e-001 3.7234700702378422e-002 2.7468823896883721e-001 -1.4497622970861135e+000 4.1321245712579995e-002 9.9910444028836831e-001 9.1034086378131828e-003 -8.2372125453882150e-001 -2.7410327655275724e-001 2.0097125656937158e-002 -9.6149024920868120e-001 9.3606800159280521e+000 0.0000000000000000e+000 0.0000000000000000e+000 0.0000000000000000e+000 1.0000000000000000e+000</transform>
      <orientation>1</orientation>
    </camera>
    <camera id="12" label="DSC05328.JPG" sensor_id="0" enabled="true">
      <transform>-7.7925357654421867e-001 3.1993146808137307e-002 6.2589160563180302e-001 -3.4877546053748349e+000 4.4330569599100048e-002 9.9900839075642855e-001 4.1274443994211690e-003 -7.6208187325031407e-001 -6.2513891579557168e-001 3.0962457195189474e-002 -7.7989913591590376e-001 8.1029799994484542e+000 0.0000000000000000e+000 0.0000000000000000e+000 0.0000000000000000e+000 1.0000000000000000e+000</transform>
      <orientation>1</orientation>
    </camera>
    <camera id="13" label="DSC05329.JPG" sensor_id="0" enabled="true">
      <transform>-4.7488954158646718e-001 2.7453062119262892e-002 8.7961710571820440e-001 -5.5676578344638807e+000 3.9240625522429656e-002 9.9917975695979888e-001 -9.9993294957957373e-003 -6.8204022707839174e-001 -8.7917011812299639e-001 2.9768148448181000e-002 -4.7557729207518262e-001 6.3571148454057349e+000 0.0000000000000000e+000 0.0000000000000000e+000 0.0000000000000000e+000 1.0000000000000000e+000</transform>
      <orientation>1</orientation>
    </camera>
    <camera id="14" label="DSC05330.JPG" sensor_id="0" enabled="true">
      <transform>-7.5032437080300537e-002 2.9290493303466530e-002 9.9675082161382256e-001 -6.4987207470566366e+000 3.2570803087686263e-002 9.9910715517764004e-001 -2.6907903282607684e-002 -6.1835714845914169e-001 -9.9664902356447116e-001 3.0446009178258238e-002 -7.5919459647072737e-002 4.1606694926149945e+000 0.0000000000000000e+000 0.0000000000000000e+000 0.0000000000000000e+000 1.0000000000000000e+000</transform>
      <orientation>1</orientation>
    </camera>
    <camera id="15" label="DSC05331.JPG" sensor_id="0" enabled="true">
      <transform>2.4754839936642931e-001 1.9948014736652326e-002 9.6867015370516352e-001 -6.5404794657736884e+000 2.4854486836154255e-002 9.9932826092705640e-001 -2.6931048932710588e-002 -5.7118410703681288e-001 -9.6855668107510884e-001 3.0742537640392004e-002 2.4688631376445075e-001 1.8490938138121700e+000 0.0000000000000000e+000 0.0000000000000000e+000 0.0000000000000000e+000 1.0000000000000000e+000</transform>
      <orientation>1</orientation>
    </camera>
    <camera id="16" label="DSC05332.JPG" sensor_id="0" enabled="true">
      <transform>4.6401596527479522e-001 1.8114530295822252e-002 8.8564160232131250e-001 -3.6918611620585189e+000 2.2501785319919698e-002 9.9922724110606342e-001 -3.2227166940042219e-002 1.1311545766745289e-001 -8.8554099488816229e-001 3.4882437181579524e-002 4.6324978353881274e-001 1.7628555110981550e+000 0.0000000000000000e+000 0.0000000000000000e+000 0.0000000000000000e+000 1.0000000000000000e+000</transform>
      <orientation>1</orientation>
    </camera>
    <camera id="17" label="DSC05333.JPG" sensor_id="0" enabled="true">
      <transform>8.1580833355088156e-001 8.9379172201711835e-003 5.7825329791078484e-001 -2.4751477665249104e+000 8.7340012143838838e-003 9.9957611962604853e-001 -2.7772257670535837e-002 1.0180856517637064e-001 -5.7825641382670434e-001 2.7707304255319809e-002 8.1538446462952829e-001 3.0277859142634389e-001 0.0000000000000000e+000 0.0000000000000000e+000 0.0000000000000000e+000 1.0000000000000000e+000</transform>
      <orientation>1</orientation>
    </camera>
    <camera id="18" label="DSC05334.JPG" sensor_id="0" enabled="true">
      <transform>9.5314784087880344e-001 3.2082881234362171e-003 3.0248785151703550e-001 -1.3717068086648678e+000 4.1640211550014903e-003 9.9970986932460559e-001 -2.3724209213391436e-002 9.8428927853293047e-002 -3.0247620461103353e-001 2.3872244601148947e-002 9.5285794407236124e-001 1.1790885133967556e-001 0.0000000000000000e+000 0.0000000000000000e+000 0.0000000000000000e+000 1.0000000000000000e+000</transform>
      <orientation>1</orientation>
    </camera>
    <camera id="19" label="DSC05335.JPG" sensor_id="0" enabled="true">
      <transform>9.9921432381632380e-001 -3.2354103949432979e-003 -3.9500217719184667e-002 6.6337048520113517e-002 2.6866569729810021e-003 9.9989925748522723e-001 -1.3937602189791927e-002 7.4691333948298189e-002 3.9541332230922994e-002 1.3820528212324339e-002 9.9912235289044360e-001 5.3988408365457659e-002 0.0000000000000000e+000 0.0000000000000000e+000 0.0000000000000000e+000 1.0000000000000000e+000</transform>
      <orientation>1</orientation>
    </camera>
    <camera id="20" label="DSC05336.JPG" sensor_id="0" enabled="true">
      <transform>9.4020929682208554e-001 -7.7131912725731657e-004 -3.4059636409703997e-001 1.1978593043971608e+000 -2.3267599838381779e-003 9.9995955598914199e-001 -8.6874952647861617e-003 5.4607913501032140e-002 3.4058928984525794e-001 8.9605498046715672e-003 9.4016947631259595e-001 7.0719983348383572e-002 0.0000000000000000e+000 0.0000000000000000e+000 0.0000000000000000e+000 1.0000000000000000e+000</transform>
      <orientation>1</orientation>
    </camera>
    <camera id="21" label="DSC05337.JPG" sensor_id="0" enabled="true">
      <transform>7.7547150930003206e-001 3.2852387790465423e-003 -6.3137401393317960e-001 2.2832067236150544e+000 -1.0620997802950137e-002 9.9991284375855127e-001 -7.8421484528626555e-003 1.3885279359557646e-002 6.3129322241696850e-001 1.2787184711720424e-002 7.7543881463178532e-001 6.3510909652157943e-001 0.0000000000000000e+000 0.0000000000000000e+000 0.0000000000000000e+000 1.0000000000000000e+000</transform>
      <orientation>1</orientation>
    </camera>
    <camera id="22" label="DSC05338.JPG" sensor_id="0" enabled="true">
      <transform>6.1470951012301589e-001 -3.3389706777215674e-003 -7.8874651786181282e-001 2.6386367541688620e+000 -1.0441793071573495e-002 9.9986896104082124e-001 -1.2370517555833467e-002 4.9162532268848978e-003 7.8868446613444354e-001 1.5840202712151755e-002 6.1459409438772328e-001 1.6419335874521861e+000 0.0000000000000000e+000 0.0000000000000000e+000 0.0000000000000000e+000 1.0000000000000000e+000</transform>
      <orientation>1</orientation>
    </camera>
    <camera id="23" label="DSC05339.JPG" sensor_id="0" enabled="true">
      <transform>1.3050652939112775e-001 4.8587295423133097e-003 -9.9143554431617864e-001 3.6415796790221817e+000 -6.6059600017980575e-003 9.9997005577245368e-001 4.0309863421686271e-003 -5.6377702786824135e-002 9.9142544201706739e-001 6.0233135125740966e-003 1.3053471804693142e-001 3.1860713395154576e+000 0.0000000000000000e+000 0.0000000000000000e+000 0.0000000000000000e+000 1.0000000000000000e+000</transform>
      <orientation>1</orientation>
    </camera>
    <camera id="24" label="DSC05340.JPG" sensor_id="0" enabled="true">
      <transform>-4.3466821282632456e-001 9.7555308730691761e-003 -9.0053782506663949e-001 3.3636726329040378e+000 -3.9382647560243945e-003 9.9991117708611665e-001 1.2732949735542821e-002 -8.6465259591046700e-002 9.0058205335720543e-001 9.0811648834826265e-003 -4.3459118446567518e-001 5.3495942596316128e+000 0.0000000000000000e+000 0.0000000000000000e+000 0.0000000000000000e+000 1.0000000000000000e+000</transform>
      <orientation>1</orientation>
    </camera>
    <camera id="25" label="DSC05341.JPG" sensor_id="0" enabled="true">
      <transform>-7.8435452220255719e-001 9.7659917435981639e-003 -6.2023593003442024e-001 2.1454785541842858e+000 5.8613451134219797e-003 9.9994810573896098e-001 8.3324943759451667e-003 -1.0060918089037903e-001 6.2028511842044032e-001 2.9002128073239808e-003 -7.8437106055221895e-001 6.3499900327003376e+000 0.0000000000000000e+000 0.0000000000000000e+000 0.0000000000000000e+000 1.0000000000000000e+000</transform>
      <orientation>1</orientation>
    </camera>
    <camera id="26" label="DSC05342.JPG" sensor_id="0" enabled="true">
      <transform>-9.9508023255126732e-001 2.3987132264923799e-002 -9.6124649655647307e-002 3.5668983150633365e-001 2.3380717539083815e-002 9.9969902199106087e-001 7.4301734483937032e-003 -9.1661292868810945e-002 9.6273946803241958e-002 5.1461554407817777e-003 -9.9534157164819859e-001 7.3763097843206156e+000 0.0000000000000000e+000 0.0000000000000000e+000 0.0000000000000000e+000 1.0000000000000000e+000</transform>
      <orientation>1</orientation>
    </camera>
    <camera id="27" label="DSC05343.JPG" sensor_id="0" enabled="true">
      <transform>-9.2290089291964617e-001 2.7713417286298267e-002 3.8403894119012899e-001 -1.5609306705341242e+000 3.0721986239056809e-002 9.9952652186322899e-001 1.7004862609735034e-003 -4.2778150066793703e-002 -3.8380998086246670e-001 1.3367819355155124e-002 -9.2331533074894889e-001 7.2539307714541810e+000 0.0000000000000000e+000 0.0000000000000000e+000 0.0000000000000000e+000 1.0000000000000000e+000</transform>
      <orientation>1</orientation>
    </camera>
    <camera id="28" label="DSC05344.JPG" sensor_id="0" enabled="true">
      <transform>-5.4298720305520942e-001 2.6557449190411923e-002 8.3932091550894861e-001 -3.3651920813182770e+000 3.6789648889615563e-002 9.9929244496867831e-001 -7.8186420240502902e-003 1.2526299120003687e-002 -8.3893469296057821e-001 2.6632899222955919e-002 -5.4358004895886336e-001 5.8700677749062100e+000 0.0000000000000000e+000 0.0000000000000000e+000 0.0000000000000000e+000 1.0000000000000000e+000</transform>
      <orientation>1</orientation>
    </camera>
    <camera id="29" label="DSC05345.JPG" sensor_id="0" enabled="true">
      <transform>-5.7790656252198959e-002 2.6358253171417888e-002 9.9798070248862625e-001 -3.9332051297306259e+000 2.9928906236626997e-002 9.9924782390093647e-001 -2.4658609058950762e-002 7.3406107386639968e-002 -9.9788000311731850e-001 2.8443433670962050e-002 -5.8536061189545505e-002 4.0883739047729639e+000 0.0000000000000000e+000 0.0000000000000000e+000 0.0000000000000000e+000 1.0000000000000000e+000</transform>
      <orientation>1</orientation>
    </camera>
    <camera id="30" label="DSC05346.JPG" sensor_id="0" enabled="true">
      <transform>2.1912915440755237e-001 1.9603556740684737e-002 9.7549890530525230e-001 -4.3143929615001628e+000 2.5150471324184867e-002 9.9935243544285157e-001 -2.5732539062676380e-002 9.5318847842219334e-002 -9.7537165607823684e-001 3.0173006770217069e-002 2.1849421544206157e-001 2.7936044761519279e+000 0.0000000000000000e+000 0.0000000000000000e+000 0.0000000000000000e+000 1.0000000000000000e+000</transform>
      <orientation>1</orientation>
    </camera>
    <camera id="31" label="DSC05347.JPG" sensor_id="0" enabled="true">
      <transform>4.5089463509876837e-001 2.8580453953502873e-002 8.9211949070231622e-001 -3.7854357989634995e+000 2.0937191204559613e-002 9.9887354560147812e-001 -4.2582554197646581e-002 -9.9899675444237901e-001 -8.9233158750747599e-001 3.7878721590670121e-002 4.4978832842465388e-001 1.7663336856366780e+000 0.0000000000000000e+000 0.0000000000000000e+000 0.0000000000000000e+000 1.0000000000000000e+000</transform>
      <orientation>1</orientation>
    </camera>
    <camera id="32" label="DSC05348.JPG" sensor_id="0" enabled="true">
      <transform>7.8475852802508395e-001 2.1550134213019004e-002 6.1942686768278332e-001 -2.8542611801702376e+000 6.3084255803664401e-003 9.9906587772035504e-001 -4.2750154871691003e-002 -9.8890799118995998e-001 -6.1976951882018250e-001 3.7456156907208930e-002 7.8388952018198454e-001 5.1661168741627350e-001 0.0000000000000000e+000 0.0000000000000000e+000 0.0000000000000000e+000 1.0000000000000000e+000</transform>
      <orientation>1</orientation>
    </camera>
    <camera id="33" label="DSC05349.JPG" sensor_id="0" enabled="true">
      <transform>9.7565839441105029e-001 8.9952097235349027e-003 2.1911134981392674e-001 -1.1792040919865223e+000 2.8429388046166248e-004 9.9910566189977545e-001 -4.2282331260244436e-002 -9.9698963800662832e-001 -2.1929572862288241e-001 4.1315403445218037e-002 9.7478326865304676e-001 -3.8503613174903295e-001 0.0000000000000000e+000 0.0000000000000000e+000 0.0000000000000000e+000 1.0000000000000000e+000</transform>
      <orientation>1</orientation>
    </camera>
    <camera id="34" label="DSC05350.JPG" sensor_id="0" enabled="true">
      <transform>9.7509849987411767e-001 -3.5942190340926957e-003 -2.2174308812853716e-001 5.4279276644085184e-001 -3.7970004932501933e-003 9.9945153247972274e-001 -3.2897066908587395e-002 -1.0197349489520400e+000 2.2173970851090136e-001 3.2919839207820926e-002 9.7455004276642032e-001 -5.7003470611379470e-001 0.0000000000000000e+000 0.0000000000000000e+000 0.0000000000000000e+000 1.0000000000000000e+000</transform>
      <orientation>1</orientation>
    </camera>
    <camera id="35" label="DSC05351.JPG" sensor_id="0" enabled="true">
      <transform>7.5037537079541528e-001 -1.3431670646758515e-002 -6.6087547475093977e-001 2.6562071893836237e+000 -4.3442941824971765e-003 9.9967172815430683e-001 -2.5250010634407360e-002 -1.0662500570081919e+000 6.6099767776573848e-001 2.1818023572697170e-002 7.5007069255882963e-001 2.8316185808299477e-001 0.0000000000000000e+000 0.0000000000000000e+000 0.0000000000000000e+000 1.0000000000000000e+000</transform>
      <orientation>1</orientation>
    </camera>
    <camera id="36" label="DSC05352.JPG" sensor_id="0" enabled="true">
      <transform>4.8094686603792158e-001 -5.4174822098110509e-003 -8.7673300550099498e-001 3.5728494803346069e+000 -9.2720902243829187e-003 9.9989355979469274e-001 -1.1264875674763216e-002 -1.1051603506131666e+000 8.7670071312345366e-001 1.3546954181783819e-002 4.8084544257092032e-001 1.3000839261487300e+000 0.0000000000000000e+000 0.0000000000000000e+000 0.0000000000000000e+000 1.0000000000000000e+000</transform>
      <orientation>1</orientation>
    </camera>
    <camera id="37" label="DSC05353.JPG" sensor_id="1" enabled="true">
      <transform>3.5451289392966080e-002 2.1082356057737443e-002 -9.9914900807808982e-001 3.5863763934478481e+000 -2.6872527118730290e-002 9.9943606680995634e-001 2.0134935949667077e-002 -1.0874338561178862e+000 9.9901004667952620e-001 2.6135849373970458e-002 3.5997833419135830e-002 3.7008603494510068e+000 0.0000000000000000e+000 0.0000000000000000e+000 0.0000000000000000e+000 1.0000000000000000e+000</transform>
      <orientation>1</orientation>
    </camera>
    <camera id="38" label="DSC05354.JPG" sensor_id="1" enabled="true">
      <transform>-3.8166237986164087e-001 1.7662601208317131e-002 -9.2413303172049011e-001 3.3729324450517431e+000 -2.0712869987054214e-002 9.9940289639323454e-001 2.7655518395304626e-002 -1.1362239868915696e+000 9.2406969694674435e-001 2.9696518303828114e-002 -3.8106864471559776e-001 5.2024305102391999e+000 0.0000000000000000e+000 0.0000000000000000e+000 0.0000000000000000e+000 1.0000000000000000e+000</transform>
      <orientation>1</orientation>
    </camera>
    <camera id="39" label="DSC05355.JPG" sensor_id="1" enabled="true">
      <transform>-8.5260573201250611e-001 9.9752127504735780e-003 -5.2245953036575132e-001 2.1837017103324277e+000 -9.0302340672315951e-003 9.9938722451878992e-001 3.3817604015085455e-002 -1.1517164099735369e+000 5.2247671777038041e-001 3.3551014876049633e-002 -8.5199319761878234e-001 7.1508365985856077e+000 0.0000000000000000e+000 0.0000000000000000e+000 0.0000000000000000e+000 1.0000000000000000e+000</transform>
      <orientation>1</orientation>
    </camera>
    <camera id="40" label="DSC05356.JPG" sensor_id="1" enabled="true">
      <transform>-9.9657048734148967e-001 5.4475563234984200e-003 -8.2568685892703636e-002 3.9040710154061842e-001 2.3849031527870801e-003 9.9930702099563495e-001 3.7145524976520079e-002 -1.1322670540432573e+000 8.2713819866437499e-002 3.6821215609099102e-002 -9.9589287681164318e-001 7.5541470357424041e+000 0.0000000000000000e+000 0.0000000000000000e+000 0.0000000000000000e+000 1.0000000000000000e+000</transform>
      <orientation>1</orientation>
    </camera>
    <camera id="41" label="DSC05357.JPG" sensor_id="1" enabled="true">
      <transform>-9.6036502218163733e-001 -3.5940522195178088e-004 2.7874521520189294e-001 -1.2342496138392249e+000 9.2653780187096670e-003 9.9940542280466949e-001 3.3210745833098070e-002 -1.0824550748178241e+000 -2.7859141576910368e-001 3.4477118448424070e-002 -9.5979068101501153e-001 7.1475686437098078e+000 0.0000000000000000e+000 0.0000000000000000e+000 0.0000000000000000e+000 1.0000000000000000e+000</transform>
      <orientation>1</orientation>
    </camera>
    <camera id="42" label="DSC05358.JPG" sensor_id="1" enabled="true">
      <transform>-7.1175886296084800e-001 -1.9828099963351206e-003 7.0242109127018604e-001 -2.6923429291910690e+000 1.7071329581679378e-002 9.9965181482002796e-001 2.0120110172104046e-002 -1.0421891054917416e+000 -7.0221641301168281e-001 2.6311928692940006e-002 -7.1147718987010622e-001 6.1537420512059189e+000 0.0000000000000000e+000 0.0000000000000000e+000 0.0000000000000000e+000 1.0000000000000000e+000</transform>
      <orientation>1</orientation>
    </camera>
    <camera id="43" label="DSC05359.JPG" sensor_id="1" enabled="true">
      <transform>-3.7513233724442907e-001 2.5937065503549867e-003 9.2696763818369754e-001 -3.1638017182189540e+000 1.9517179878321501e-002 9.9979650967502698e-001 5.1008755357126023e-003 -1.0101240837529124e+000 -9.2676577906347468e-001 2.0005297497518865e-002 -3.7510662328051020e-001 4.7851811844797645e+000 0.0000000000000000e+000 0.0000000000000000e+000 0.0000000000000000e+000 1.0000000000000000e+000</transform>
      <orientation>1</orientation>
    </camera>
    <camera id="44" label="DSC05360.JPG" sensor_id="1" enabled="true">
      <transform>7.7278892781808856e-002 1.8118900856849392e-003 9.9700786846681178e-001 -3.5674930212210318e+000 1.2210737691518762e-002 9.9992162699186571e-001 -2.7636495742961202e-003 -9.8321720175377869e-001 -9.9693473739029015e-001 1.2387773337366997e-002 7.7250711687954082e-002 3.3327812497882570e+000 0.0000000000000000e+000 0.0000000000000000e+000 0.0000000000000000e+000 1.0000000000000000e+000</transform>
      <orientation>1</orientation>
    </camera>
    <camera id="45" label="DSC05361.JPG" sensor_id="1" enabled="true">
      <transform>3.2802369197576414e-001 2.2244672707588411e-003 9.4466687739538668e-001 -3.5326044036032167e+000 4.7125716946715621e-003 9.9998093121240905e-001 -3.9911000470841890e-003 -9.5654107173713832e-001 -9.4465774181478646e-001 5.7609857597964711e-003 3.2800695400016117e-001 2.3127944215907368e+000 0.0000000000000000e+000 0.0000000000000000e+000 0.0000000000000000e+000 1.0000000000000000e+000</transform>
      <orientation>1</orientation>
    </camera>
    <camera id="46" label="DSC05362.JPG" sensor_id="1" enabled="true">
      <transform>5.1495149813156249e-001 3.8134050007750274e-003 8.5721083317603919e-001 -3.5723072401579663e+000 -1.4834531886067422e-004 9.9999048649699018e-001 -4.3594620286133631e-003 -1.6944064739844260e+000 -8.5721930249249845e-001 2.1177482883037897e-003 5.1494716483971603e-001 1.7419049178199235e+000 0.0000000000000000e+000 0.0000000000000000e+000 0.0000000000000000e+000 1.0000000000000000e+000</transform>
      <orientation>1</orientation>
    </camera>
    <camera id="47" label="DSC05363.JPG" sensor_id="1" enabled="true">
      <transform>7.9980025610538674e-001 1.9708360778224080e-002 5.9994260629596341e-001 -3.0767929022238136e+000 -1.8512886292835744e-002 9.9979529306337345e-001 -8.1636394721850639e-003 -1.6876366386676547e+000 -5.9998068583485797e-001 -4.5773883119790302e-003 8.0000139008715165e-001 3.8232415238175455e-001 0.0000000000000000e+000 0.0000000000000000e+000 0.0000000000000000e+000 1.0000000000000000e+000</transform>
      <orientation>1</orientation>
    </camera>
    <camera id="48" label="DSC05364.JPG" sensor_id="1" enabled="true">
      <transform>9.7799856241094196e-001 2.1345323352396358e-002 2.0751672003265803e-001 -1.8072112550178914e+000 -2.2374921267917135e-002 9.9974622915282330e-001 2.6153762568606118e-003 -1.6779104222976904e+000 -2.0740823228692118e-001 -7.2010044918805142e-003 9.7822797481666945e-001 -5.2235339561820704e-001 0.0000000000000000e+000 0.0000000000000000e+000 0.0000000000000000e+000 1.0000000000000000e+000</transform>
      <orientation>1</orientation>
    </camera>
    <camera id="49" label="DSC05365.JPG" sensor_id="1" enabled="true">
      <transform>9.8731611920282869e-001 3.0464548906434588e-002 -1.5581653321195776e-001 -5.2266057302585829e-002 -3.0099594741334799e-002 9.9953584675850304e-001 4.7016423906686786e-003 -1.7030386095371657e+000 1.5588744387753972e-001 4.8007184645154719e-005 9.8777482380177983e-001 -7.4269221803805008e-001 0.0000000000000000e+000 0.0000000000000000e+000 0.0000000000000000e+000 1.0000000000000000e+000</transform>
      <orientation>1</orientation>
    </camera>
    <camera id="50" label="DSC05366.JPG" sensor_id="1" enabled="true">
      <transform>9.1819287129116134e-001 2.9121061114235024e-002 -3.9506178619258270e-001 1.2972417653401322e+000 -2.9906854987822650e-002 9.9954399039794051e-001 4.1702858534243999e-003 -1.7115562117439396e+000 3.9500307737387352e-001 7.9859288090311040e-003 9.1864508587714488e-001 -7.8510278113180310e-001 0.0000000000000000e+000 0.0000000000000000e+000 0.0000000000000000e+000 1.0000000000000000e+000</transform>
      <orientation>1</orientation>
    </camera>
    <camera id="51" label="DSC05367.JPG" sensor_id="1" enabled="true">
      <transform>6.8372317631013202e-001 2.7754432237282287e-002 -7.2921348703076683e-001 2.6265183050930019e+000 -2.9111840237050629e-002 9.9951838881642219e-001 1.0746682084999546e-002 -1.7446369394978667e+000 7.2916055771990063e-001 1.3880990923191189e-002 6.8420187017911149e-001 3.2034372192905392e-001 0.0000000000000000e+000 0.0000000000000000e+000 0.0000000000000000e+000 1.0000000000000000e+000</transform>
      <orientation>1</orientation>
    </camera>
    <camera id="52" label="DSC05368.JPG" sensor_id="1" enabled="true">
      <transform>2.9441301433684702e-001 2.7850303552263877e-002 -9.5527238920694146e-001 3.8809990656216162e+000 -2.9872244503739615e-002 9.9935503524364655e-001 1.9928937289258871e-002 -1.7998873522300207e+000 9.5521129913616520e-001 2.2668791878200572e-002 2.9505507939600450e-001 2.0074084829578762e+000 0.0000000000000000e+000 0.0000000000000000e+000 0.0000000000000000e+000 1.0000000000000000e+000</transform>
      <orientation>1</orientation>
    </camera>
    <camera id="53" label="DSC05369.JPG" sensor_id="1" enabled="true">
      <transform>-1.9340931771353889e-001 2.5115881018172397e-002 -9.8079662945090929e-001 4.0499879616964032e+000 -2.2379079348460989e-002 9.9929926014586412e-001 3.0002757863970692e-002 -1.8330286840383814e+000 9.8086289186057940e-001 2.7752138523180078e-002 -1.9271171780224358e-001 4.0226497780674491e+000 0.0000000000000000e+000 0.0000000000000000e+000 0.0000000000000000e+000 1.0000000000000000e+000</transform>
      <orientation>1</orientation>
    </camera>
    <camera id="54" label="DSC05370.JPG" sensor_id="1" enabled="true">
      <transform>-4.6197283768157460e-001 2.2713023278804562e-002 -8.8660318960511875e-001 3.9476919340366257e+000 -2.4031228220451395e-002 9.9898440713643022e-001 3.8113703158995364e-002 -1.8746207838853641e+000 8.8656843916002903e-001 3.8913659193295029e-002 -4.6095783951847263e-001 5.7889627699159298e+000 0.0000000000000000e+000 0.0000000000000000e+000 0.0000000000000000e+000 1.0000000000000000e+000</transform>
      <orientation>1</orientation>
    </camera>
    <camera id="55" label="DSC05371.JPG" sensor_id="1" enabled="true">
      <transform>-7.1698066981772068e-001 1.8696834916032416e-002 -6.9684226871786081e-001 2.7378412900789173e+000 -1.4557000419246225e-002 9.9902069063986210e-001 4.1782214065878648e-002 -1.8850120295861406e+000 6.9694103972038168e-001 4.0100973025295458e-002 -7.1600635410301905e-001 6.8095666332741462e+000 0.0000000000000000e+000 0.0000000000000000e+000 0.0000000000000000e+000 1.0000000000000000e+000</transform>
      <orientation>1</orientation>
    </camera>
    <camera id="56" label="DSC05372.JPG" sensor_id="1" enabled="true">
      <transform>-9.5361483269868175e-001 1.4608993899144768e-002 -3.0067478802573400e-001 1.1444772304435435e+000 2.9746404783062390e-004 9.9886696330551805e-001 4.7588876136688420e-002 -1.8764469944856788e+000 3.0102933805894327e-001 4.5292018215879658e-002 -9.5253869775129185e-001 7.8063582169168839e+000 0.0000000000000000e+000 0.0000000000000000e+000 0.0000000000000000e+000 1.0000000000000000e+000</transform>
      <orientation>1</orientation>
    </camera>
    <camera id="57" label="DSC05373.JPG" sensor_id="1" enabled="true">
      <transform>-9.9988376461618866e-001 6.0326930389210187e-003 -1.4002280944776863e-002 -3.8534771015269376e-001 5.4975721611685837e-003 9.9926468639117239e-001 3.7945529801086772e-002 -1.8402594786817856e+000 1.4220898610532724e-002 3.7864140637951543e-002 -9.9918170164212794e-001 8.2810751829266795e+000 0.0000000000000000e+000 0.0000000000000000e+000 0.0000000000000000e+000 1.0000000000000000e+000</transform>
      <orientation>1</orientation>
    </camera>
    <camera id="58" label="DSC05374.JPG" sensor_id="1" enabled="true">
      <transform>-8.7065757241420461e-001 4.3579123241452864e-003 4.9187030831102146e-001 -2.3752622342283889e+000 1.9457371175174328e-002 9.9948324735675287e-001 2.5586108734070662e-002 -1.8070861598002923e+000 -4.9150463101048775e-001 3.1847242476786816e-002 -8.7029245132993605e-001 7.8702997007033657e+000 0.0000000000000000e+000 0.0000000000000000e+000 0.0000000000000000e+000 1.0000000000000000e+000</transform>
      <orientation>1</orientation>
    </camera>
    <camera id="59" label="DSC05375.JPG" sensor_id="1" enabled="true">
      <transform>-6.7692271724021180e-001 1.2160413430340033e-003 7.3605309328035595e-001 -3.5849643378706486e+000 1.8218675902338610e-002 9.9971994373630590e-001 1.5103441470161044e-002 -1.7722679840085056e+000 -7.3582859059192174e-001 2.3633775393048527e-002 -6.7675529545632451e-001 6.5956238439922057e+000 0.0000000000000000e+000 0.0000000000000000e+000 0.0000000000000000e+000 1.0000000000000000e+000</transform>
      <orientation>1</orientation>
    </camera>
    <camera id="60" label="DSC05376.JPG" sensor_id="1" enabled="true">
      <transform>-3.8150654859349603e-001 2.8692157156546116e-003 9.2436168299073040e-001 -4.2417342284048178e+000 2.0621652817970182e-002 9.9977272592249578e-001 5.4077663187036273e-003 -1.7215209001080514e+000 -9.2413608349383991e-001 2.1124963968718231e-002 -3.8147901001495060e-001 5.0057009751299262e+000 0.0000000000000000e+000 0.0000000000000000e+000 0.0000000000000000e+000 1.0000000000000000e+000</transform>
      <orientation>1</orientation>
    </camera>
    <camera id="61" label="DSC05377.JPG" sensor_id="1" enabled="true">
      <transform>-4.4594858640910652e-002 9.0895885357247450e-004 9.9900474091797964e-001 -4.6284252214082775e+000 1.1208315054999978e-002 9.9993710102337963e-001 -4.0947599020840688e-004 -1.7149404522939253e+000 -9.9894227673896396e-001 1.1178899353747156e-002 -4.4602241567142500e-002 3.6716272010678650e+000 0.0000000000000000e+000 0.0000000000000000e+000 0.0000000000000000e+000 1.0000000000000000e+000</transform>
      <orientation>1</orientation>
    </camera>
    <camera id="62" label="DSC05378.JPG" sensor_id="1" enabled="true">
      <transform>2.2638259816179213e-001 7.5831485560361091e-004 9.7403816363020190e-001 -4.5087727986965902e+000 7.7955149148400656e-003 9.9996625955837826e-001 -2.5903073250771323e-003 -1.6971981723074001e+000 -9.7400726342092991e-001 8.1795295344911523e-003 2.2636904845818770e-001 2.4076628803416793e+000 0.0000000000000000e+000 0.0000000000000000e+000 0.0000000000000000e+000 1.0000000000000000e+000</transform>
      <orientation>1</orientation>
    </camera>
    <camera id="63" label="DSC05379.JPG" sensor_id="1" enabled="true">
      <transform>5.6097768170509854e-001 -1.9270408058963684e-001 8.0508954654303877e-001 -3.5469885462372854e+000 -6.6607113009960334e-003 9.7144678911009896e-001 2.3716401677455995e-001 -2.6069961366355829e+000 -8.2780412873682740e-001 -1.3840618935503474e-001 5.4367642140751360e-001 1.5458071351540794e+000 0.0000000000000000e+000 0.0000000000000000e+000 0.0000000000000000e+000 1.0000000000000000e+000</transform>
      <orientation>1</orientation>
    </camera>
    <camera id="64" label="DSC05380.JPG" sensor_id="1" enabled="true">
      <transform>8.6936932640827680e-001 -9.9403399552535354e-002 4.8406191593412723e-001 -2.4554742956324245e+000 -2.1595053987042555e-002 9.7098139250551674e-001 2.3817806164998534e-001 -2.6124122261868821e+000 -4.9369082221944921e-001 -2.1751804422954552e-001 8.4199481737765924e-001 5.7299580723683485e-001 0.0000000000000000e+000 0.0000000000000000e+000 0.0000000000000000e+000 1.0000000000000000e+000</transform>
      <orientation>1</orientation>
    </camera>
    <camera id="65" label="DSC05381.JPG" sensor_id="1" enabled="true">
      <transform>9.7695115841777225e-001 -2.6177517007106695e-002 2.1185176815291284e-001 -1.6304065700974812e+000 -2.6590066714003359e-002 9.6979867147229903e-001 2.4245309889277297e-001 -2.6139424049287077e+000 -2.1180038342344365e-001 -2.4249798847393875e-001 9.4674987360325313e-001 2.3763070109114076e-002 0.0000000000000000e+000 0.0000000000000000e+000 0.0000000000000000e+000 1.0000000000000000e+000</transform>
      <orientation>1</orientation>
    </camera>
    <camera id="66" label="DSC05382.JPG" sensor_id="1" enabled="true">
      <transform>9.9294319835729883e-001 5.8611554510863723e-002 -1.0309457072900528e-001 -3.0303059577590519e-001 -3.1772200490546298e-002 9.6902683388386279e-001 2.4490308795318408e-001 -2.6359136973754262e+000 1.1425555615359086e-001 -2.3989931406912471e-001 9.6405082179167145e-001 1.7855617426719686e-001 0.0000000000000000e+000 0.0000000000000000e+000 0.0000000000000000e+000 1.0000000000000000e+000</transform>
      <orientation>1</orientation>
    </camera>
    <camera id="67" label="DSC05383.JPG" sensor_id="1" enabled="true">
      <transform>9.1641638055134667e-001 1.3006088587313669e-001 -3.7850387504365701e-001 8.5596819298033244e-001 -3.4914130314608188e-002 9.6809888686142620e-001 2.4812405921643735e-001 -2.6580368874101126e+000 3.9870041505062914e-001 -2.1416981865697712e-001 8.9172264063154383e-001 3.0412057841893209e-001 0.0000000000000000e+000 0.0000000000000000e+000 0.0000000000000000e+000 1.0000000000000000e+000</transform>
      <orientation>1</orientation>
    </camera>
    <camera id="68" label="DSC05384.JPG" sensor_id="1" enabled="true">
      <transform>7.0811133371787349e-001 2.0356439971635037e-001 -6.7612119788423763e-001 2.0411104693343987e+000 -3.4906641384064782e-002 9.6646327303036539e-001 2.5442143830801234e-001 -2.6873969740286303e+000 7.0523745323655262e-001 -1.5655758381999688e-001 6.9146934675433436e-001 9.7791132285550819e-001 0.0000000000000000e+000 0.0000000000000000e+000 0.0000000000000000e+000 1.0000000000000000e+000</transform>
      <orientation>1</orientation>
    </camera>
    <camera id="69" label="DSC05385.JPG" sensor_id="1" enabled="true">
      <transform>4.4773692265341536e-001 2.5040554748117527e-001 -8.5838727267096782e-001 3.1740252828724818e+000 -3.7439641445205216e-002 9.6439535145234323e-001 2.6180122105438303e-001 -2.7157152773535258e+000 8.9338117359909930e-001 -8.5080361351867348e-002 4.4117050079411663e-001 1.5917917666578747e+000 0.0000000000000000e+000 0.0000000000000000e+000 0.0000000000000000e+000 1.0000000000000000e+000</transform>
      <orientation>1</orientation>
    </camera>
    <camera id="70" label="DSC05386.JPG" sensor_id="1" enabled="true">
      <transform>1.4571116788350047e-001 2.7484408324160825e-001 -9.5038359911201442e-001 3.6445045115671926e+000 -3.4819986582168033e-002 9.6146584911373900e-001 2.7271044996922023e-001 -2.7458804995486865e+000 9.8871422771620110e-001 -6.6446139900571410e-003 1.4966637904512542e-001 2.9063145301204791e+000 0.0000000000000000e+000 0.0000000000000000e+000 0.0000000000000000e+000 1.0000000000000000e+000</transform>
      <orientation>1</orientation>
    </camera>
    <camera id="71" label="DSC05387.JPG" sensor_id="1" enabled="true">
      <transform>-1.6865522843855721e-001 2.6655588312274875e-001 -9.4894856293320218e-001 3.9604903292011646e+000 -3.1543874256119167e-002 9.6078698186240907e-001 2.7548749423637586e-001 -2.7757988779305607e+000 9.8517023803871195e-001 7.6395920417091631e-002 -1.5363354264734369e-001 4.1257470209129661e+000 0.0000000000000000e+000 0.0000000000000000e+000 0.0000000000000000e+000 1.0000000000000000e+000</transform>
      <orientation>1</orientation>
    </camera>
    <camera id="72" label="DSC05388.JPG" sensor_id="1" enabled="true">
      <transform>-5.3814512516523738e-001 2.2223583048295470e-001 -8.1302586669210131e-001 3.4147467717644924e+000 -2.9540167017153840e-002 9.5904693894174298e-001 2.8170258685193572e-001 -2.8064598485083789e+000 8.4233437706975356e-001 1.7561379375215708e-001 -5.0954155144647939e-001 6.0612729457835925e+000 0.0000000000000000e+000 0.0000000000000000e+000 0.0000000000000000e+000 1.0000000000000000e+000</transform>
      <orientation>1</orientation>
    </camera>
    <camera id="73" label="DSC05389.JPG" sensor_id="1" enabled="true">
      <transform>-8.1086506982077733e-001 1.5070969993020761e-001 -5.6549484957114571e-001 2.2900121196467955e+000 -2.2941722403716211e-002 9.5734428869002897e-001 2.8803748069606050e-001 -2.8151970442290555e+000 5.8478330680491963e-001 2.4653295775520437e-001 -7.7281950339181649e-001 7.1181811931194625e+000 0.0000000000000000e+000 0.0000000000000000e+000 0.0000000000000000e+000 1.0000000000000000e+000</transform>
      <orientation>1</orientation>
    </camera>
    <camera id="74" label="DSC05390.JPG" sensor_id="1" enabled="true">
      <transform>-9.6896100703239307e-001 5.8528978984217390e-002 -2.4018518994691507e-001 5.6275010419464100e-001 -1.2611568560094176e-002 9.5860125695782505e-001 2.8447245648275410e-001 -2.8017091770490357e+000 2.4689170741283450e-001 2.7867182989664285e-001 -9.2810909705315991e-001 7.6322187573859148e+000 0.0000000000000000e+000 0.0000000000000000e+000 0.0000000000000000e+000 1.0000000000000000e+000</transform>
      <orientation>1</orientation>
    </camera>
    <camera id="75" label="DSC05391.JPG" sensor_id="1" enabled="true">
      <transform>-9.6356639447383208e-001 -7.2267418685163717e-002 2.5752130715201538e-001 -1.1600579610268313e+000 1.5664766772345573e-003 9.6126585935721520e-001 2.7561838433793601e-001 -2.7759262846015123e+000 -2.6746466980055339e-001 2.6598001396875254e-001 -9.2613027300572737e-001 7.4647173258859096e+000 0.0000000000000000e+000 0.0000000000000000e+000 0.0000000000000000e+000 1.0000000000000000e+000</transform>
      <orientation>1</orientation>
    </camera>
    <camera id="76" label="DSC05392.JPG" sensor_id="1" enabled="true">
      <transform>-8.6828657031731604e-001 -1.2736155149352518e-001 4.7943452838500755e-001 -2.2233583480715984e+000 8.2108458542183918e-003 9.6265693516775674e-001 2.7059971763432922e-001 -2.7389621275604719e+000 -4.9599497358032851e-001 2.3889466376330504e-001 -8.3481634256192339e-001 6.8859606463812950e+000 0.0000000000000000e+000 0.0000000000000000e+000 0.0000000000000000e+000 1.0000000000000000e+000</transform>
      <orientation>1</orientation>
    </camera>
    <camera id="77" label="DSC05393.JPG" sensor_id="1" enabled="true">
      <transform>-5.3649056426694519e-001 -2.1607880783119410e-001 8.1577437031251754e-001 -3.4610466901591628e+000 7.5528692480989340e-003 9.6539647885503455e-001 2.6067718116555855e-001 -2.6883459677293162e+000 -8.4387251917493789e-001 1.4601228516994788e-001 -5.1629408669942556e-001 5.8100327874408695e+000 0.0000000000000000e+000 0.0000000000000000e+000 0.0000000000000000e+000 1.0000000000000000e+000</transform>
      <orientation>1</orientation>
    </camera>
    <camera id="78" label="DSC05394.JPG" sensor_id="1" enabled="true">
      <transform>-1.4867618076715722e-001 -2.4403349591751367e-001 9.5830216849528660e-001 -3.8952527412383482e+000 1.7008740978616682e-003 9.6900796344469886e-001 2.4702363006008396e-001 -2.6518006400353347e+000 -9.8888447267605284e-001 3.8356481212890731e-002 -1.4365333288570212e-001 4.1045305252423558e+000 0.0000000000000000e+000 0.0000000000000000e+000 0.0000000000000000e+000 1.0000000000000000e+000</transform>
      <orientation>1</orientation>
    </camera>
    <camera id="79" label="DSC05395.JPG" sensor_id="1" enabled="true">
      <transform>6.4990599481476341e-002 -2.4747567565227391e-001 9.6671195913751296e-001 -4.1315429534836179e+000 -2.4003697917227979e-003 9.6871846470312706e-001 2.4815070898161631e-001 -2.6353811328882526e+000 -9.9788298923466023e-001 -1.8447929522479506e-002 6.2363560613809710e-002 3.3074581095407907e+000 0.0000000000000000e+000 0.0000000000000000e+000 0.0000000000000000e+000 1.0000000000000000e+000</transform>
      <orientation>1</orientation>
    </camera>
    <camera id="80" label="DSC05396.JPG" sensor_id="1" enabled="true">
      <transform>3.3061557261236557e-001 -2.1988844828313234e-001 9.1779214066030967e-001 -4.0703368545834175e+000 -4.8015405454917559e-003 9.7207450992969990e-001 2.3462329882883204e-001 -2.6125546963847150e+000 -9.4375329846024247e-001 -8.1976932466210628e-002 3.2032716742237566e-001 2.1547232286385256e+000 0.0000000000000000e+000 0.0000000000000000e+000 0.0000000000000000e+000 1.0000000000000000e+000</transform>
      <orientation>1</orientation>
    </camera>
    <camera id="81" label="DSC05397.JPG" sensor_id="1" enabled="true">
      <transform>4.9036873807535675e-001 -5.8045377100069784e-001 6.5008608695268288e-001 -3.0785106123860047e+000 -1.7431850950847150e-002 7.3924459711629886e-001 6.7321137557737998e-001 -3.2301926018987066e+000 -8.7134070907470484e-001 -3.4145401647283358e-001 3.5238405659700367e-001 2.1193725174694604e+000 0.0000000000000000e+000 0.0000000000000000e+000 0.0000000000000000e+000 1.0000000000000000e+000</transform>
      <orientation>1</orientation>
    </camera>
    <camera id="82" label="DSC05398.JPG" sensor_id="1" enabled="true">
      <transform>8.1192176706868147e-001 -3.7173632111791821e-001 4.5010571171868724e-001 -2.3536459713606690e+000 -2.8932858720977367e-002 7.4446505599090318e-001 6.6703423457472821e-001 -3.2150580509619542e+000 -5.8304882629699373e-001 -5.5460245939788044e-001 5.9369198932065825e-001 9.7734003167361116e-001 0.0000000000000000e+000 0.0000000000000000e+000 0.0000000000000000e+000 1.0000000000000000e+000</transform>
      <orientation>1</orientation>
    </camera>
    <camera id="83" label="DSC05399.JPG" sensor_id="1" enabled="true">
      <transform>9.6341927484291467e-001 -1.5688544170173774e-001 2.1727921907813236e-001 -9.9368331300057455e-001 -3.0198379656650190e-002 7.4203371682839625e-001 6.6968202973944901e-001 -3.2326516944218060e+000 -2.6629186755750767e-001 -6.5174605581613321e-001 7.1015189924469591e-001 8.1737744012585256e-001 0.0000000000000000e+000 0.0000000000000000e+000 0.0000000000000000e+000 1.0000000000000000e+000</transform>
      <orientation>1</orientation>
    </camera>
    <camera id="84" label="DSC05400.JPG" sensor_id="1" enabled="true">
      <transform>9.9627614065618020e-001 8.0683803840387217e-002 -3.0396962958050243e-002 -2.4930184725389429e-001 -3.9617744463338364e-002 7.4152201812328378e-001 6.6975781515560540e-001 -3.2442734985491430e+000 7.6578625496053293e-002 -6.6605947214660821e-001 7.4195720475032578e-001 7.8673866618164734e-001 0.0000000000000000e+000 0.0000000000000000e+000 0.0000000000000000e+000 1.0000000000000000e+000</transform>
      <orientation>1</orientation>
    </camera>
    <camera id="85" label="DSC05401.JPG" sensor_id="1" enabled="true">
      <transform>9.2639956225244136e-001 2.8500757281923211e-001 -2.4607830967839334e-001 9.9348297627877846e-001 -4.6608342848318787e-002 7.3529021047269516e-001 6.7614788971049322e-001 -3.2593278107067665e+000 3.7364624102942440e-001 -6.1491380682068753e-001 6.9445625977873615e-001 8.4285805369415012e-001 0.0000000000000000e+000 0.0000000000000000e+000 0.0000000000000000e+000 1.0000000000000000e+000</transform>
      <orientation>1</orientation>
    </camera>
    <camera id="86" label="DSC05402.JPG" sensor_id="1" enabled="true">
      <transform>6.4152009497118456e-001 5.4612729480629252e-001 -5.3869930909155883e-001 1.9753962296090475e+000 -4.9402464800384516e-002 7.3020400667031748e-001 6.8144075686317851e-001 -3.3003643371293321e+000 7.6551379100562844e-001 -4.1054486540471513e-001 4.9542057816567864e-001 1.9137216051646397e+000 0.0000000000000000e+000 0.0000000000000000e+000 0.0000000000000000e+000 1.0000000000000000e+000</transform>
      <orientation>1</orientation>
    </camera>
    <camera id="87" label="DSC05403.JPG" sensor_id="1" enabled="true">
      <transform>2.0273198722201627e-001 6.8496177775679212e-001 -6.9980504740196547e-001 2.4737295213113915e+000 -4.8979585906258172e-002 7.2084367204931821e-001 6.9136488241080518e-001 -3.3233261342342075e+000 9.7800855902260064e-001 -1.0588561506980049e-001 1.7968721434711576e-001 3.1243620075020275e+000 0.0000000000000000e+000 0.0000000000000000e+000 0.0000000000000000e+000 1.0000000000000000e+000</transform>
      <orientation>1</orientation>
    </camera>
    <camera id="88" label="DSC05404.JPG" sensor_id="1" enabled="true">
      <transform>-3.7713141378533732e-001 6.3541483789386977e-001 -6.7380997359832850e-001 2.5873868252326568e+000 -4.1085704720648042e-002 7.1533675122576035e-001 6.9757099797324040e-001 -3.3595629766763109e+000 9.2524800005397512e-001 2.9075989429438542e-001 -2.4366949391755510e-001 4.6822955648651936e+000 0.0000000000000000e+000 0.0000000000000000e+000 0.0000000000000000e+000 1.0000000000000000e+000</transform>
      <orientation>1</orientation>
    </camera>
    <camera id="89" label="DSC05405.JPG" sensor_id="1" enabled="true">
      <transform>-7.4917840131714486e-001 4.4760731657523378e-001 -4.8824114241653738e-001 1.4832659611131860e+000 -3.2409697611476301e-002 7.1145957531488424e-001 7.0197926193976512e-001 -3.3612065798944641e+000 6.6157488956324495e-001 5.4173144900502423e-001 -5.1850332945729205e-001 5.5414292098777453e+000 0.0000000000000000e+000 0.0000000000000000e+000 0.0000000000000000e+000 1.0000000000000000e+000</transform>
      <orientation>1</orientation>
    </camera>
    <camera id="90" label="DSC05406.JPG" sensor_id="1" enabled="true">
      <transform>-9.8300369610294591e-001 1.1379114149611808e-001 -1.4406703149908265e-001 5.4051162549982357e-001 -2.0181954620392961e-002 7.1300287062060486e-001 7.0087059803823859e-001 -3.3594898736771146e+000 1.8247307241247304e-001 6.9186594265347989e-001 -6.9858792949818727e-001 6.1070244103846036e+000 0.0000000000000000e+000 0.0000000000000000e+000 0.0000000000000000e+000 1.0000000000000000e+000</transform>
      <orientation>1</orientation>
    </camera>
    <camera id="91" label="DSC05407.JPG" sensor_id="1" enabled="true">
      <transform>-9.5280321818487890e-001 -2.1807026976022853e-001 2.1121407354444710e-001 -9.2739432935340194e-001 -8.6958503109248603e-003 7.1504305774238175e-001 6.9902632837525847e-001 -3.3319623149215589e+000 -3.0346401698374048e-001 6.6419784930480308e-001 -6.8319163298079566e-001 6.2326598957532555e+000 0.0000000000000000e+000 0.0000000000000000e+000 0.0000000000000000e+000 1.0000000000000000e+000</transform>
      <orientation>1</orientation>
    </camera>
    <camera id="92" label="DSC05408.JPG" sensor_id="1" enabled="true">
      <transform>-8.1571281865496292e-001 -4.0159696506142961e-001 4.1633216922960031e-001 -1.8263588277937641e+000 -2.0128248426984352e-004 7.1992572099342966e-001 6.9405109014931499e-001 -3.3211658819552103e+000 -5.7845704850692004e-001 5.6606257066294352e-001 -5.8733347352855936e-001 6.2466749558894428e+000 0.0000000000000000e+000 0.0000000000000000e+000 0.0000000000000000e+000 1.0000000000000000e+000</transform>
      <orientation>1</orientation>
    </camera>
    <camera id="93" label="DSC05409.JPG" sensor_id="1" enabled="true">
      <transform>-5.1087183841150730e-001 -5.8737398661260820e-001 6.2769559865340652e-001 -2.7709379019799734e+000 -1.5760544028165513e-003 7.3080864243983890e-001 6.8258057706600384e-001 -3.2927344726281369e+000 -8.5965544305295150e-001 3.4772191185781054e-001 -3.7427528804795918e-001 5.5975880102445688e+000 0.0000000000000000e+000 0.0000000000000000e+000 0.0000000000000000e+000 1.0000000000000000e+000</transform>
      <orientation>1</orientation>
    </camera>
    <camera id="94" label="DSC05410.JPG" sensor_id="1" enabled="true">
      <transform>-2.2718739644686681e-001 -6.5535680298386190e-001 7.2034252108178787e-001 -3.1613951291288251e+000 -4.7543546240148005e-003 7.4042206618564732e-001 6.7212540497848028e-001 -3.2723052043189740e+000 -9.7383945443168585e-001 1.4927365704687723e-001 -1.7133036013517280e-001 4.2804413821719258e+000 0.0000000000000000e+000 0.0000000000000000e+000 0.0000000000000000e+000 1.0000000000000000e+000</transform>
      <orientation>1</orientation>
    </camera>
    <camera id="95" label="DSC05411.JPG" sensor_id="1" enabled="true">
      <transform>1.2774266479794727e-001 -6.6526307428709153e-001 7.3559965577779285e-001 -3.2245714838161046e+000 -8.7575288848918409e-003 7.4089045411796339e-001 6.7156879073160403e-001 -3.2505579760930825e+000 -9.9176868133559748e-001 -9.2230022156380431e-002 8.8817260343268770e-002 3.2854429029560897e+000 0.0000000000000000e+000 0.0000000000000000e+000 0.0000000000000000e+000 1.0000000000000000e+000</transform>
      <orientation>1</orientation>
    </camera>
    <camera id="96" label="DSC05412.JPG" sensor_id="1" enabled="true">
      <transform>4.2796953204132526e-001 -6.0162077339937792e-001 6.7445869010537873e-001 -3.2263193791673488e+000 -1.2351374040740382e-002 7.4229042215254648e-001 6.6996445632578150e-001 -3.2223838041238722e+000 -9.0370876016758561e-001 -2.9505486641458500e-001 3.1024684140444786e-001 2.1462762746551531e+000 0.0000000000000000e+000 0.0000000000000000e+000 0.0000000000000000e+000 1.0000000000000000e+000</transform>
      <orientation>1</orientation>
    </camera>
    <camera id="97" label="DSC05413.JPG" sensor_id="1" enabled="true">
      <transform>5.1914050279959678e-001 -3.2130664428461547e-001 7.9199443097255517e-001 -3.1820659358692813e+000 -8.3591453261315785e-003 9.2469335495795701e-001 3.8062097155308516e-001 -3.9698446219361943e+000 -8.5464803459810190e-001 -2.0421615909412616e-001 4.7735992429449303e-001 2.0118791839722081e+000 0.0000000000000000e+000 0.0000000000000000e+000 0.0000000000000000e+000 1.0000000000000000e+000</transform>
      <orientation>1</orientation>
    </camera>
    <camera id="98" label="DSC05414.JPG" sensor_id="1" enabled="true">
      <transform>8.5367212813270021e-001 -1.8016723724150874e-001 4.8865495421017546e-001 -2.7912558259387890e+000 -2.4162173699634110e-002 9.2354711282049595e-001 3.8272303270515989e-001 -3.9449087498397812e+000 -5.2025002355741945e-001 -3.3852695169762786e-001 7.8405319715107114e-001 9.0091647988757595e-001 0.0000000000000000e+000 0.0000000000000000e+000 0.0000000000000000e+000 1.0000000000000000e+000</transform>
      <orientation>1</orientation>
    </camera>
    <camera id="99" label="DSC05415.JPG" sensor_id="1" enabled="true">
      <transform>9.9502459157512901e-001 -1.3460038658178602e-003 9.9620532192620556e-002 -1.5633452857903605e+000 -3.7293448325793281e-002 9.2218266855901498e-001 3.8495236656155957e-001 -3.9514559722553182e+000 -9.2386475594207693e-002 -3.8675226448330863e-001 9.1754423601498025e-001 2.9012244295965062e-001 0.0000000000000000e+000 0.0000000000000000e+000 0.0000000000000000e+000 1.0000000000000000e+000</transform>
      <orientation>1</orientation>
    </camera>
    <camera id="100" label="DSC05416.JPG" sensor_id="2" enabled="true">
      <transform>9.3170117321590895e-001 1.6700212143758295e-001 -3.2255730539463162e-001 -3.0926199070812976e-001 -3.0774059155990602e-002 9.2113604171102881e-001 3.8802235753111097e-001 -4.0448836502029843e+000 3.6191971638909431e-001 -3.5159448814832767e-001 8.6336286391792016e-001 2.1901701142998908e-001 0.0000000000000000e+000 0.0000000000000000e+000 0.0000000000000000e+000 1.0000000000000000e+000</transform>
      <orientation>1</orientation>
    </camera>
    <camera id="101" label="DSC05417.JPG" sensor_id="2" enabled="true">
      <transform>6.2172153373567407e-001 3.2997557436149672e-001 -7.1033686009819408e-001 1.2028512139849072e+000 -3.0622032503965335e-002 9.1647012431297281e-001 3.9892957068521540e-001 -4.0894407238491404e+000 7.8263952469491804e-001 -2.2627114612023458e-001 5.7989373407439782e-001 1.0491531677022530e+000 0.0000000000000000e+000 0.0000000000000000e+000 0.0000000000000000e+000 1.0000000000000000e+000</transform>
      <orientation>1</orientation>
    </camera>
    <camera id="102" label="DSC05418.JPG" sensor_id="2" enabled="true">
      <transform>9.5467119843397050e-002 4.1253958602608787e-001 -9.0592335160886017e-001 2.1380457301080056e+000 -2.9594491494156133e-002 9.1085404081215227e-001 4.1166622694772598e-001 -4.1401427115423592e+000 9.9499256032495487e-001 -1.2490248099951751e-002 9.9165511143707946e-002 2.6233456531205332e+000 0.0000000000000000e+000 0.0000000000000000e+000 0.0000000000000000e+000 1.0000000000000000e+000</transform>
      <orientation>1</orientation>
    </camera>
    <camera id="103" label="DSC05419.JPG" sensor_id="2" enabled="true">
      <transform>-3.6082630047874320e-001 3.8040921384551751e-001 -8.5152405186480740e-001 2.4538865576418716e+000 -1.3057914210021476e-002 9.1088213026562903e-001 4.1245998065173928e-001 -4.1807735349615474e+000 9.3254161931750124e-001 1.5994553693112165e-001 -3.2370287835684708e-001 4.3758660354985786e+000 0.0000000000000000e+000 0.0000000000000000e+000 0.0000000000000000e+000 1.0000000000000000e+000</transform>
      <orientation>1</orientation>
    </camera>
    <camera id="104" label="DSC05420.JPG" sensor_id="2" enabled="true">
      <transform>-8.1546289831999530e-001 2.3403826441485237e-001 -5.2938299203245709e-001 9.7687443774646798e-001 -1.4529628834601391e-002 9.0604160445089943e-001 4.2293912196670502e-001 -4.1892746286991933e+000 5.7862695352833460e-001 3.5258290059746566e-001 -7.3544282364898761e-001 6.0371128837309325e+000 0.0000000000000000e+000 0.0000000000000000e+000 0.0000000000000000e+000 1.0000000000000000e+000</transform>
      <orientation>1</orientation>
    </camera>
    <camera id="105" label="DSC05421.JPG" sensor_id="2" enabled="true">
      <transform>-9.7161109012550395e-001 9.7039015670180015e-002 -2.1576681622272773e-001 -3.5671123208706684e-001 -3.2315889622370336e-003 9.0648147484521191e-001 4.2223322062010710e-001 -4.1844111899545915e+000 2.3656171790445926e-001 4.1094374943562711e-001 -8.8043386374098509e-001 6.3744291420696655e+000 0.0000000000000000e+000 0.0000000000000000e+000 0.0000000000000000e+000 1.0000000000000000e+000</transform>
      <orientation>1</orientation>
    </camera>
    <camera id="106" label="DSC05422.JPG" sensor_id="2" enabled="true">
      <transform>-9.9052901655898917e-001 -5.4306975310185218e-002 1.2610717579638636e-001 -1.6506512595939227e+000 3.3485151193641642e-003 9.0862750975042239e-001 4.1759410433008043e-001 -4.1535430672813369e+000 -1.3726272181906179e-001 4.1406134926772103e-001 -8.9984006592361587e-001 6.3424633409645548e+000 0.0000000000000000e+000 0.0000000000000000e+000 0.0000000000000000e+000 1.0000000000000000e+000</transform>
      <orientation>1</orientation>
    </camera>
    <camera id="107" label="DSC05423.JPG" sensor_id="2" enabled="true">
      <transform>-7.9427366916909903e-001 -2.3553571199729309e-001 5.6004666487586996e-001 -2.8411453185329822e+000 1.4988915950399057e-002 9.1391908882649031e-001 4.0561956495858253e-001 -4.1089681265025870e+000 -6.0737523069622190e-001 3.3056743253455279e-001 -7.2237144301545131e-001 5.1850760396068463e+000 0.0000000000000000e+000 0.0000000000000000e+000 0.0000000000000000e+000 1.0000000000000000e+000</transform>
      <orientation>1</orientation>
    </camera>
    <camera id="108" label="DSC05424.JPG" sensor_id="3" enabled="true">
      <transform>-4.0409308238466052e-001 -3.3019178617863271e-001 8.5304288585570420e-001 -3.6332904528113135e+000 -5.3504444639485560e-003 9.3341212702151655e-001 3.5876618273355476e-001 -4.0456622024239461e+000 -9.1470222122442779e-001 1.4041077405004318e-001 -3.7895205635774765e-001 4.0780702822817849e+000 0.0000000000000000e+000 0.0000000000000000e+000 0.0000000000000000e+000 1.0000000000000000e+000</transform>
      <orientation>1</orientation>
    </camera>
    <camera id="109" label="DSC05425.JPG" sensor_id="3" enabled="true">
      <transform>8.6520567410503846e-002 -3.4847069653879970e-001 9.3331793354072468e-001 -4.0215130517990918e+000 -1.6727463705376616e-002 9.3619079000415528e-001 3.5109399976271510e-001 -4.0117550280376308e+000 -9.9610962417444293e-001 -4.5988893932772945e-002 7.5170727426907266e-002 2.8086602805870977e+000 0.0000000000000000e+000 0.0000000000000000e+000 0.0000000000000000e+000 1.0000000000000000e+000</transform>
      <orientation>1</orientation>
    </camera>
    <camera id="110" label="DSC05426.JPG" sensor_id="3" enabled="true">
      <transform>4.1057641305040410e-001 -3.0503484443637352e-001 8.5929084292010327e-001 -4.0450194250282259e+000 -2.3014730995014498e-002 9.3861746547520508e-001 3.4419119056438630e-001 -3.9863444806184822e+000 -9.1153569935789747e-001 -1.6109313202175926e-001 3.7835389731246194e-001 1.8336747953409498e+000 0.0000000000000000e+000 0.0000000000000000e+000 0.0000000000000000e+000 1.0000000000000000e+000</transform>
      <orientation>1</orientation>
    </camera>
    <camera id="111" label="DSC05427.JPG" sensor_id="4" enabled="true">
      <transform>4.1626458224369378e-001 2.5778444162624176e-002 9.0887802778262694e-001 -4.7267303983472422e+000 -2.1683153214258604e-003 9.9962331639321056e-001 -2.7359161750800713e-002 -9.3057461016631995e-002 -9.0924094495251917e-001 9.4179158837863122e-003 4.1616367799491577e-001 1.5499364617218274e+000 0.0000000000000000e+000 0.0000000000000000e+000 0.0000000000000000e+000 1.0000000000000000e+000</transform>
      <orientation>1</orientation>
    </camera>
    <camera id="112" label="DSC05428.JPG" sensor_id="4" enabled="true">
      <transform>7.3582748104676898e-001 2.6259006085780065e-002 6.7665972448177658e-001 -3.4379562322824988e+000 -1.4478053429759802e-002 9.9962950985213939e-001 -2.3048405620707223e-002 -1.0656346165513933e-001 -6.7701425694386363e-001 7.1629346052154777e-003 7.3593504350763839e-001 3.3243180112542775e-001 0.0000000000000000e+000 0.0000000000000000e+000 0.0000000000000000e+000 1.0000000000000000e+000</transform>
      <orientation>1</orientation>
    </camera>
    <camera id="113" label="DSC05429.JPG" sensor_id="4" enabled="true">
      <transform>9.3536974260234051e-001 3.0980870105119761e-002 3.5231183674631322e-001 -1.8571557705375945e+000 -2.2735402080484399e-002 9.9936271173470381e-001 -2.7518573482249460e-002 -1.0108811903390934e-001 -3.5293986189756160e-001 1.7730089728733862e-002 9.3547800498031008e-001 -7.9817298021943650e-001 0.0000000000000000e+000 0.0000000000000000e+000 0.0000000000000000e+000 1.0000000000000000e+000</transform>
      <orientation>1</orientation>
    </camera>
    <camera id="114" label="DSC05430.JPG" sensor_id="4" enabled="true">
      <transform>9.9926572495666877e-001 2.8203101879473332e-002 -2.5934455290196161e-002 -8.7567487943645064e-002 -2.8880355396086330e-002 9.9924151645600223e-001 -2.6121195663765393e-002 -1.2875143825930965e-001 2.5178085690117168e-002 2.6851011807472295e-002 9.9932231395375937e-001 -8.4344659302063663e-001 0.0000000000000000e+000 0.0000000000000000e+000 0.0000000000000000e+000 1.0000000000000000e+000</transform>
      <orientation>1</orientation>
    </camera>
    <camera id="115" label="DSC05431.JPG" sensor_id="4" enabled="true">
      <transform>9.1072384187113053e-001 1.8487818644824183e-002 -4.1260184731681004e-001 1.7693243050710761e+000 -3.0074648873618062e-002 9.9931411887993860e-001 -2.1605723832829139e-002 -1.5674967218333627e-001 4.1191940879572153e-001 3.2085703498100034e-002 9.1065520823658352e-001 -1.5233598194391873e-001 0.0000000000000000e+000 0.0000000000000000e+000 0.0000000000000000e+000 1.0000000000000000e+000</transform>
      <orientation>1</orientation>
    </camera>
    <camera id="116" label="DSC05432.JPG" sensor_id="4" enabled="true">
      <transform>6.4184917963636168e-001 8.8544960338991039e-003 -7.6677977835889455e-001 3.7387972750393006e+000 -3.2920733396849436e-002 9.9932961425944700e-001 -1.6017096387260926e-002 -1.6580592958319090e-001 7.6612391681290259e-001 3.5523512833768423e-002 6.4171038960204307e-001 7.1572330776635629e-001 0.0000000000000000e+000 0.0000000000000000e+000 0.0000000000000000e+000 1.0000000000000000e+000</transform>
      <orientation>1</orientation>
    </camera>
    <camera id="117" label="DSC05433.JPG" sensor_id="4" enabled="true">
      <transform>2.6092567243775455e-001 6.5673144206566756e-003 -9.6533655470214419e-001 4.3986140183996776e+000 -3.2139673082890813e-002 9.9948160484966975e-001 -1.8875860916038757e-003 -2.3233183706764393e-001 9.6482373254239051e-001 3.1518120953326956e-002 2.6100148117307870e-001 2.6159847644095411e+000 0.0000000000000000e+000 0.0000000000000000e+000 0.0000000000000000e+000 1.0000000000000000e+000</transform>
      <orientation>1</orientation>
    </camera>
    <camera id="118" label="DSC05434.JPG" sensor_id="4" enabled="true">
      <transform>-2.8604002609233858e-001 -5.0383288250785939e-004 -9.5821753773635399e-001 4.3624195027355661e+000 -2.6605187485250495e-002 9.9961850786607709e-001 7.4163825732456393e-003 -2.9347493536228775e-001 9.5784824866571072e-001 2.7614939507892733e-002 -2.8594430864069753e-001 5.1728804843520022e+000 0.0000000000000000e+000 0.0000000000000000e+000 0.0000000000000000e+000 1.0000000000000000e+000</transform>
      <orientation>1</orientation>
    </camera>
    <camera id="119" label="DSC05435.JPG" sensor_id="4" enabled="true">
      <transform>-6.5434476760450277e-001 -3.9708657277570704e-003 -7.5618592775453142e-001 3.6330701718544933e+000 -2.1155478812046845e-002 9.9969093560309907e-001 1.3056760288588782e-002 -3.1409927489283079e-001 7.5590037096487939e-001 2.4541098149283302e-002 -6.5422653849930679e-001 6.8645483505231697e+000 0.0000000000000000e+000 0.0000000000000000e+000 0.0000000000000000e+000 1.0000000000000000e+000</transform>
      <orientation>1</orientation>
    </camera>
    <camera id="120" label="DSC05436.JPG" sensor_id="4" enabled="true">
      <transform>-8.8051655700673093e-001 3.6196256470319320e-003 -4.7400157293746159e-001 2.1733709506490331e+000 -8.3732350955785413e-003 9.9969604930688893e-001 2.3188314605286375e-002 -3.3265930260097459e-001 4.7394143284908796e-001 2.4386621544915037e-002 -8.8021861541243174e-001 8.0198491317762368e+000 0.0000000000000000e+000 0.0000000000000000e+000 0.0000000000000000e+000 1.0000000000000000e+000</transform>
      <orientation>1</orientation>
    </camera>
    <camera id="121" label="DSC05437.JPG" sensor_id="4" enabled="true">
      <transform>-9.9784739490085350e-001 4.9321679922675185e-003 6.5393044037391143e-002 -4.3574063077831438e-001 5.8366127742048033e-003 9.9988983949373700e-001 1.3647081318473418e-002 -2.8811114453671666e-001 -6.5318530608887052e-002 1.3999378417811579e-002 -9.9776625868136615e-001 8.3428173924563076e+000 0.0000000000000000e+000 0.0000000000000000e+000 0.0000000000000000e+000 1.0000000000000000e+000</transform>
      <orientation>1</orientation>
    </camera>
    <camera id="122" label="DSC05438.JPG" sensor_id="4" enabled="true">
      <transform>-8.3614706010132034e-001 1.7628406593548526e-002 5.4822197435426778e-001 -2.7154958158674178e+000 2.1242784734329511e-002 9.9977431505346781e-001 2.5110973814570538e-004 -2.5793806877665437e-001 -5.4809382224273406e-001 1.1855726057150167e-002 -8.3633283074324416e-001 7.8383568484920758e+000 0.0000000000000000e+000 0.0000000000000000e+000 0.0000000000000000e+000 1.0000000000000000e+000</transform>
      <orientation>1</orientation>
    </camera>
    <camera id="123" label="DSC05439.JPG" sensor_id="4" enabled="true">
      <transform>-5.7681718966979922e-001 2.1097018065125706e-002 8.1660078712317852e-001 -4.0413400226898757e+000 1.8940077434155662e-002 9.9974310315210613e-001 -1.2449946449112587e-002 -2.1485202881104248e-001 -8.1665366170012554e-001 8.2851390185888461e-003 -5.7706858630774527e-001 6.6246282736803099e+000 0.0000000000000000e+000 0.0000000000000000e+000 0.0000000000000000e+000 1.0000000000000000e+000</transform>
      <orientation>1</orientation>
    </camera>
    <camera id="124" label="DSC05440.JPG" sensor_id="4" enabled="true">
      <transform>-2.8464988672392688e-001 2.6997434705441185e-002 9.5825131385632911e-001 -4.7420019734829690e+000 2.3654031824714844e-002 9.9949681478162877e-001 -2.1133007826932580e-002 -1.8058246544388445e-001 -9.5833967295864930e-001 1.6650998789960209e-002 -2.8514525328822460e-001 5.1273810477550503e+000 0.0000000000000000e+000 0.0000000000000000e+000 0.0000000000000000e+000 1.0000000000000000e+000</transform>
      <orientation>1</orientation>
    </camera>
    <camera id="125" label="DSC05441.JPG" sensor_id="4" enabled="true">
      <transform>7.0959570496433519e-002 3.0718239386410311e-002 9.9700608279185587e-001 -4.7992208998329149e+000 1.3796720042082867e-002 9.9939985348067673e-001 -3.1773941821598810e-002 -1.2384677328153700e-001 -9.9738377261264999e-001 1.6010079069172241e-002 7.0493173408187421e-002 3.3856780296330613e+000 0.0000000000000000e+000 0.0000000000000000e+000 0.0000000000000000e+000 1.0000000000000000e+000</transform>
      <orientation>1</orientation>
    </camera>
    <camera id="126" label="DSC05442.JPG" sensor_id="4" enabled="true">
      <transform>2.6066050368007271e-001 2.5959735494032802e-002 9.6508144420786102e-001 -4.2796507406623636e+000 9.9659581695521852e-003 9.9951280312796009e-001 -2.9577627711680560e-002 -1.1440585528739794e-001 -9.6537908693891517e-001 1.7327680640174880e-002 2.6027479705998924e-001 2.3785715308449298e+000 0.0000000000000000e+000 0.0000000000000000e+000 0.0000000000000000e+000 1.0000000000000000e+000</transform>
      <orientation>1</orientation>
    </camera>
    <camera id="127" label="DSC05443.JPG" sensor_id="0" enabled="true">
      <orientation>1</orientation>
    </camera>
  </cameras>
  <frames next_id="1">
    <frame id="0" path="0/frame.zip"/>
  </frames>
  <region>
    <center>-3.4286732011935389e-001 -1.5298181963320772e+000 3.1465998945844018e+000</center>
    <size>1.4695849813156448e+001 7.4044835940258142e+000 4.9344250653031425e+000</size>
    <R>-8.2495815794081839e-001 4.2286668616472317e-002 -5.6360968347271390e-001 5.6505475223247603e-001 3.9587757473279278e-002 -8.2410311031917116e-001 -1.2536531672961416e-002 -9.9832091389270095e-001 -5.6552526539981912e-002</R>
  </region>
  <settings>
    <property name="accuracy_tiepoints" value="1"/>
    <property name="accuracy_cameras" value="10"/>
    <property name="accuracy_cameras_ypr" value="2"/>
    <property name="accuracy_markers" value="0.0050000000000000001"/>
    <property name="accuracy_scalebars" value="0.001"/>
    <property name="accuracy_projections" value="0.10000000000000001"/>
  </settings>
  <meta>
    <property name="align/duration" value="13.563"/>
  </meta>
</chunk>
